Variable,Baseline rank,Variables ranked,Baseline RMS
GyroscopeX,1,244,0.0005
GyroscopeY,2,244,0.0019
HipRoll,3,244,0.0024
AnglesX,4,244,0.0024
AnglesY,5,244,0.0026
LaserF07Y.1,6,244,0.0062
LaserF07Y,7,244,0.0081
GyroscopeZ,8,244,0.0125
LShoulderRoll,9,244,0.0183
LaserVeR01Y,10,244,0.0191
WheelBSpeed,11,244,0.0258
LedEarL3,12,244,0.0268
LedEarR3,13,244,0.0268
WheelFRSpeed,14,244,0.0298
RShoulderRoll,15,244,0.0306
LaserVeL01Y,16,244,0.0311
AccelerometerX,17,244,0.0319
WheelFLSpeed,18,244,0.0369
Rhand,19,244,0.0414
LHandStiff,20,244,0.0446
AccelerometerY,21,244,0.0504
AccelerometerZ,22,244,0.0512
TabletTouchY,23,244,0.0521
LaserF06Y.1,24,244,0.0569
TabletTouchX,25,244,0.0583
LaserF06Y,26,244,0.0591
LShoulderRollStiff,27,244,0.0640
LShoulderPitch,28,244,0.0664
LaserR09Y,29,244,0.0667
RhandStiff,30,244,0.0719
KneePicth,31,244,0.0744
RShoulderPitch,32,244,0.0759
LedFaceBL2,33,244,0.0878
LedFaceBR7,34,244,0.0878
LedShoulderB,35,244,0.0980
LElbowRoll,36,244,0.1023
LElbowRollStiff,37,244,0.1046
RShoulderPitchStiff,38,244,0.1093
LedFaceBL1,39,244,0.1105
LedFaceBR8,40,244,0.1105
LWristYawStiff,41,244,0.1193
LaserL10Y,42,244,0.1214
LedFaceBL3,43,244,0.1231
LedFaceBR6,44,244,0.1231
LaserF03Y,45,244,0.1241
LShoulderPitchStiff,46,244,0.1246
LElbowYawStiff,47,244,0.1283
LedFaceBR5,48,244,0.1370
LedFaceBL4,49,244,0.1370
LaserF08Y,50,244,0.1399
LaserVeR01X,51,244,0.1435
RShoulderRollStiff,52,244,0.1439
RElbowRoll,53,244,0.1465
LaserF05Y,54,244,0.1466
RElbowRollStiff,55,244,0.1523
HeadYaw,56,244,0.1561
LaserF09Y,57,244,0.1570
SonarB,58,244,0.1579
LedFaceGL2,59,244,0.1594
LedFaceGR7,60,244,0.1594
RElbowYawStiff,61,244,0.1604
LHand,62,244,0.1615
LedFaceGL1,63,244,0.1616
LedFaceGR8,64,244,0.1616
LedFaceGR5,65,244,0.1641
LedFaceGL4,66,244,0.1641
RElbowYaw,67,244,0.1649
LedFaceGR6,68,244,0.1664
LedFaceGL3,69,244,0.1664
LedFaceGL5,70,244,0.1694
LedFaceGR4,71,244,0.1694
LedFaceBL7,72,244,0.1696
LedFaceBR2,73,244,0.1696
LedEarR8,74,244,0.1724
LedEarL8,75,244,0.1724
RWristYaw,76,244,0.1724
RWristYawStiff,77,244,0.1771
LaserF04Y.1,78,244,0.1799
HipPicth,79,244,0.1800
LedFaceGR3,80,244,0.1803
LedFaceGL6,81,244,0.1803
LaserF09Y.1,82,244,0.1804
LaserF05Y.1,83,244,0.1822
KneePicthStiff,84,244,0.1830
LedFaceGR2,85,244,0.1857
LedFaceGL7,86,244,0.1857
LedFaceBL8,87,244,0.1867
LedFaceBR1,88,244,0.1867
LedFaceGR1,89,244,0.1899
LedFaceGL8,90,244,0.1899
LedFaceRR4,91,244,0.1915
LedFaceRR3,92,244,0.1915
LedFaceRR6,93,244,0.1915
LedFaceRR5,94,244,0.1915
LedFaceRR2,95,244,0.1915
LedFaceRR1,96,244,0.1915
LedFaceRR8,97,244,0.1915
LedFaceRR7,98,244,0.1915
LedFaceRL2,99,244,0.1915
LedFaceRL1,100,244,0.1915
LedFaceRL4,101,244,0.1915
LedFaceRL3,102,244,0.1915
LedFaceRL7,103,244,0.1915
LedFaceRL8,104,244,0.1915
LedFaceRL5,105,244,0.1915
LedFaceRL6,106,244,0.1915
LWristYaw,107,244,0.1939
HipPicthStiff,108,244,0.1944
LedFaceBR3,109,244,0.1948
LedFaceBL6,110,244,0.1948
LaserR08Y,111,244,0.2006
LaserF11Y,112,244,0.2035
LaserR10Y,113,244,0.2121
LedEarL6,114,244,0.2136
LedEarR1,115,244,0.2136
LedEarR5,116,244,0.2136
LedEarR9,117,244,0.2136
LedEarR10,118,244,0.2136
LedEarR6,119,244,0.2136
LedEarR2,120,244,0.2136
LedEarL2,121,244,0.2136
LedEarR4,122,244,0.2136
LedEarL9,123,244,0.2136
LedEarL4,124,244,0.2136
LedEarL10,125,244,0.2136
LedEarL7,126,244,0.2136
LedEarL5,127,244,0.2136
LedEarR7,128,244,0.2136
LedEarL1,129,244,0.2136
LaserF08Y.1,130,244,0.2216
LaserF04Y,131,244,0.2425
LedFaceBL5,132,244,0.2506
LedFaceBR4,133,244,0.2506
WheelFLStiff,134,244,0.2639
LaserF03Y.1,135,244,0.2736
HeadPicth,136,244,0.2837
LaserR07Y,137,244,0.2935
LaserF10Y,138,244,0.3045
LaserVeL01X,139,244,0.3070
LaserF02Y,140,244,0.3114
LaserR05Y,141,244,0.3150
InfraRedL,142,244,0.3396
LElbowYaw,143,244,0.3427
LaserR06Y,144,244,0.3540
LaserR11Y,145,244,0.3546
InfraRedR,146,244,0.3631
HipRollStiff,147,244,0.3635
LaserF12Y,148,244,0.3703
LaserR12Y,149,244,0.3946
HeadPicthStiff,150,244,0.3998
LaserF13Y,151,244,0.4000
LaserL13Y,152,244,0.4072
LaserR03Y,153,244,0.4133
LaserL14Y,154,244,0.4216
LaserF02Y.1,155,244,0.4643
HeadYawStiff,156,244,0.4711
LaserR13Y,157,244,0.4812
LaserF01Y.1,158,244,0.4840
LaserF14Y,159,244,0.4892
LaserF03X,160,244,0.4893
LaserR04Y,161,244,0.5015
LaserL10X,162,244,0.5373
LaserR14Y,163,244,0.5672
LaserF01Y,164,244,0.5854
LaserR15Y,165,244,0.6143
LaserF07X,166,244,0.6215
LaserF15Y,167,244,0.6420
SonarF,168,244,0.7249
LaserL14X,169,244,0.7538
LaserL15Y,170,244,0.7719
LaserL11Y,171,244,0.7966
LaserF06X,172,244,0.8198
LaserF04X.1,173,244,0.8473
LaserF06X.1,174,244,0.8691
LaserL13X,175,244,0.8695
LaserF11X,176,244,0.9005
LaserR02Y,177,244,0.9179
LaserShovel02Y,178,244,0.9266
LaserR03X,179,244,0.9461
LaserF03X.1,180,244,0.9476
LaserF07X.1,181,244,0.9499
LaserShovel01Y,182,244,0.9694
LaserF02X,183,244,0.9813
LaserL12Y,184,244,1.0048
LaserF01X.1,185,244,1.0697
LaserF05X,186,244,1.1148
LaserF13X,187,244,1.1311
LaserR05X,188,244,1.1468
LaserF14X,189,244,1.1609
LaserL15X,190,244,1.1733
LaserF09X.1,191,244,1.1904
LaserF02X.1,192,244,1.2600
LaserF04X,193,244,1.2638
LaserR15X,194,244,1.2681
LaserF12X,195,244,1.2825
AnglesZ,196,244,1.2852
LaserF15X,197,244,1.3035
LaserF05X.1,198,244,1.3191
LaserShovel03X,199,244,1.3312
LaserShovel02X,200,244,1.3379
LaserShovel01X,201,244,1.3397
LaserR04X,202,244,1.4180
LaserR14X,203,244,1.4235
LaserF09X,204,244,1.4954
LaserR13X,205,244,1.5165
LaserF01X,206,244,1.5270
LaserR12X,207,244,1.6457
LaserR02X,208,244,1.7470
LaserR06X,209,244,1.7817
LaserF10X,210,244,1.8463
LaserR11X,211,244,2.1504
LaserR10X,212,244,2.3107
WheelFLTemp,213,244,2.3160
LaserR01Y,214,244,2.3410
LaserR07X,215,244,2.3509
LaserL12X,216,244,2.6208
LaserL11X,217,244,2.6291
LShoulderPitchTemp,218,244,2.7341
LaserF08X.1,219,244,2.8188
LaserF08X,220,244,3.0548
LHandTemp,221,244,3.0974
LaserShovel03Y,222,244,3.2104
RWristYawTemp,223,244,3.2796
LElbowRollTemp,224,244,3.3764
LaserR09X,225,244,3.3990
HeadYawTemp,226,244,3.4210
RElbowRollTemp,227,244,3.5371
LWristYawTemp,228,244,3.7314
HipRollTemp,229,244,3.7360
LaserR01X,230,244,3.7699
LaserR08X,231,244,3.8325
RShoulderPitchTemp,232,244,4.1607
LShoulderRollTemp,233,244,4.4925
RhandTemp,234,244,4.7855
RShoulderRollTemp,235,244,5.0055
HipPicthTemp,236,244,5.1038
WheelFRTemp,237,244,6.0049
KneePicthTemp,238,244,7.5380
WheelFRStiff,239,244,8.5885
LElbowYawTemp,240,244,9.0669
RElbowYawTemp,241,244,9.2493
WheelBTemp,242,244,9.6865
HeadPicthTemp,243,244,10.1395
WheelBStiff,244,244,10.9447
