domain,family,fault,top_k,n_configs,mean_jaccard,chance_jaccard,lift,unanimous_vars
healthcare,causal,Attack_1,3,9,0.3111,0.1579,1.97,0
healthcare,neural,Attack_1,3,3,0.6667,0.1429,4.67,2
healthcare,causal,Attack_1,5,9,0.474,0.2941,1.61,0
healthcare,neural,Attack_1,5,3,0.619,0.2632,2.35,3
healthcare,causal,Attack_1,10,9,0.7502,0.8333,0.9,5
healthcare,neural,Attack_1,10,3,0.8788,0.7143,1.23,9
healthcare,causal,Attack_10,3,9,0.3722,0.1579,2.36,0
healthcare,neural,Attack_10,3,3,0.1667,0.1429,1.17,0
healthcare,causal,Attack_10,5,9,0.4363,0.2941,1.48,0
healthcare,neural,Attack_10,5,3,0.3095,0.2632,1.18,1
healthcare,causal,Attack_10,10,9,0.7479,0.8333,0.9,6
healthcare,neural,Attack_10,10,3,0.8788,0.7143,1.23,9
healthcare,causal,Attack_11,3,9,0.2111,0.1579,1.34,0
healthcare,neural,Attack_11,3,3,0.3,0.1429,2.1,1
healthcare,causal,Attack_11,5,9,0.3666,0.2941,1.25,0
healthcare,neural,Attack_11,5,3,0.4484,0.2632,1.7,2
healthcare,causal,Attack_11,10,9,0.7146,0.8333,0.86,4
healthcare,neural,Attack_11,10,3,0.8182,0.7143,1.15,8
healthcare,causal,Attack_12,3,9,0.425,0.1579,2.69,0
healthcare,neural,Attack_12,3,3,0.6667,0.1429,4.67,2
healthcare,causal,Attack_12,5,9,0.4444,0.2941,1.51,0
healthcare,neural,Attack_12,5,3,0.3889,0.2632,1.48,2
healthcare,causal,Attack_12,10,9,0.7226,0.8333,0.87,4
healthcare,neural,Attack_12,10,3,0.7172,0.7143,1.0,7
healthcare,causal,Attack_13,3,9,0.3472,0.1579,2.2,0
healthcare,neural,Attack_13,3,3,0.5,0.1429,3.5,2
healthcare,causal,Attack_13,5,9,0.5744,0.2941,1.95,1
healthcare,neural,Attack_13,5,3,0.619,0.2632,2.35,3
healthcare,causal,Attack_13,10,9,0.7638,0.8333,0.92,6
healthcare,neural,Attack_13,10,3,1.0,0.7143,1.4,10
healthcare,causal,Attack_14,3,9,0.2833,0.1579,1.79,0
healthcare,neural,Attack_14,3,3,0.3,0.1429,2.1,1
healthcare,causal,Attack_14,5,9,0.3768,0.2941,1.28,0
healthcare,neural,Attack_14,5,3,0.4286,0.2632,1.63,2
healthcare,causal,Attack_14,10,9,0.7826,0.8333,0.94,5
healthcare,neural,Attack_14,10,3,0.8788,0.7143,1.23,9
healthcare,causal,Attack_15,3,9,0.4056,0.1579,2.57,1
healthcare,neural,Attack_15,3,3,0.2333,0.1429,1.63,0
healthcare,causal,Attack_15,5,9,0.46,0.2941,1.56,1
healthcare,neural,Attack_15,5,3,0.4484,0.2632,1.7,2
healthcare,causal,Attack_15,10,9,0.7071,0.8333,0.85,4
healthcare,neural,Attack_15,10,3,0.8788,0.7143,1.23,9
healthcare,causal,Attack_16,3,9,0.3611,0.1579,2.29,1
healthcare,neural,Attack_16,3,3,0.2333,0.1429,1.63,0
healthcare,causal,Attack_16,5,9,0.3746,0.2941,1.27,1
healthcare,neural,Attack_16,5,3,0.4484,0.2632,1.7,2
healthcare,causal,Attack_16,10,9,0.7401,0.8333,0.89,5
healthcare,neural,Attack_16,10,3,0.8182,0.7143,1.15,8
healthcare,causal,Attack_17,3,9,0.2861,0.1579,1.81,0
healthcare,neural,Attack_17,3,3,0.6667,0.1429,4.67,2
healthcare,causal,Attack_17,5,9,0.5463,0.2941,1.86,0
healthcare,neural,Attack_17,5,3,0.6667,0.2632,2.53,3
healthcare,causal,Attack_17,10,9,0.7538,0.8333,0.9,4
healthcare,neural,Attack_17,10,3,0.8182,0.7143,1.15,8
healthcare,causal,Attack_18,3,9,0.4139,0.1579,2.62,0
healthcare,neural,Attack_18,3,3,0.1667,0.1429,1.17,0
healthcare,causal,Attack_18,5,9,0.4989,0.2941,1.7,1
healthcare,neural,Attack_18,5,3,0.2262,0.2632,0.86,0
healthcare,causal,Attack_18,10,9,0.7323,0.8333,0.88,5
healthcare,neural,Attack_18,10,3,0.8788,0.7143,1.23,9
healthcare,causal,Attack_19,3,9,0.3111,0.1579,1.97,0
healthcare,neural,Attack_19,3,3,0.1667,0.1429,1.17,0
healthcare,causal,Attack_19,5,9,0.4016,0.2941,1.37,0
healthcare,neural,Attack_19,5,3,0.5079,0.2632,1.93,3
healthcare,causal,Attack_19,10,9,0.7104,0.8333,0.85,4
healthcare,neural,Attack_19,10,3,0.7172,0.7143,1.0,7
healthcare,causal,Attack_2,3,9,0.2917,0.1579,1.85,0
healthcare,neural,Attack_2,3,3,0.3,0.1429,2.1,1
healthcare,causal,Attack_2,5,9,0.3597,0.2941,1.22,1
healthcare,neural,Attack_2,5,3,0.369,0.2632,1.4,2
healthcare,causal,Attack_2,10,9,0.7191,0.8333,0.86,3
healthcare,neural,Attack_2,10,3,0.7172,0.7143,1.0,7
healthcare,causal,Attack_20,3,9,0.4167,0.1579,2.64,0
healthcare,neural,Attack_20,3,3,0.6667,0.1429,4.67,2
healthcare,causal,Attack_20,5,9,0.4907,0.2941,1.67,1
healthcare,neural,Attack_20,5,3,0.4286,0.2632,1.63,2
healthcare,causal,Attack_20,10,9,0.6999,0.8333,0.84,4
healthcare,neural,Attack_20,10,3,0.8182,0.7143,1.15,8
healthcare,causal,Attack_3,3,9,0.2833,0.1579,1.79,0
healthcare,neural,Attack_3,3,3,0.0667,0.1429,0.47,0
healthcare,causal,Attack_3,5,9,0.4492,0.2941,1.53,1
healthcare,neural,Attack_3,5,3,0.4074,0.2632,1.55,1
healthcare,causal,Attack_3,10,9,0.7062,0.8333,0.85,3
healthcare,neural,Attack_3,10,3,0.8182,0.7143,1.15,8
healthcare,causal,Attack_4,3,9,0.1722,0.1579,1.09,0
healthcare,neural,Attack_4,3,3,0.2,0.1429,1.4,1
healthcare,causal,Attack_4,5,9,0.2953,0.2941,1.0,0
healthcare,neural,Attack_4,5,3,0.3889,0.2632,1.48,2
healthcare,causal,Attack_4,10,9,0.7191,0.8333,0.86,3
healthcare,neural,Attack_4,10,3,0.7172,0.7143,1.0,7
healthcare,causal,Attack_5,3,9,0.2417,0.1579,1.53,0
healthcare,neural,Attack_5,3,3,0.3,0.1429,2.1,1
healthcare,causal,Attack_5,5,9,0.3183,0.2941,1.08,0
healthcare,neural,Attack_5,5,3,0.5079,0.2632,1.93,3
healthcare,causal,Attack_5,10,9,0.7386,0.8333,0.89,5
healthcare,neural,Attack_5,10,3,0.7172,0.7143,1.0,7
healthcare,causal,Attack_6,3,9,0.1889,0.1579,1.2,0
healthcare,neural,Attack_6,3,3,0.2333,0.1429,1.63,0
healthcare,causal,Attack_6,5,9,0.3466,0.2941,1.18,0
healthcare,neural,Attack_6,5,3,0.5079,0.2632,1.93,3
healthcare,causal,Attack_6,10,9,0.6915,0.8333,0.83,2
healthcare,neural,Attack_6,10,3,0.7677,0.7143,1.07,8
healthcare,causal,Attack_7,3,9,0.2833,0.1579,1.79,0
healthcare,neural,Attack_7,3,3,0.3,0.1429,2.1,1
healthcare,causal,Attack_7,5,9,0.397,0.2941,1.35,1
healthcare,neural,Attack_7,5,3,0.5079,0.2632,1.93,3
healthcare,causal,Attack_7,10,9,0.7462,0.8333,0.9,5
healthcare,neural,Attack_7,10,3,0.7172,0.7143,1.0,7
healthcare,causal,Attack_8,3,9,0.3417,0.1579,2.16,0
healthcare,neural,Attack_8,3,3,0.6667,0.1429,4.67,2
healthcare,causal,Attack_8,5,9,0.5645,0.2941,1.92,1
healthcare,neural,Attack_8,5,3,0.3889,0.2632,1.48,2
healthcare,causal,Attack_8,10,9,0.7917,0.8333,0.95,7
healthcare,neural,Attack_8,10,3,0.7677,0.7143,1.07,8
healthcare,causal,Attack_9,3,9,0.3306,0.1579,2.09,0
healthcare,neural,Attack_9,3,3,0.4,0.1429,2.8,1
healthcare,causal,Attack_9,5,9,0.4512,0.2941,1.53,1
healthcare,neural,Attack_9,5,3,0.5079,0.2632,1.93,3
healthcare,causal,Attack_9,10,9,0.7481,0.8333,0.9,6
healthcare,neural,Attack_9,10,3,0.8788,0.7143,1.23,9
industrial,causal,Fault_1,3,9,0.3083,0.0404,7.64,0
industrial,neural,Fault_1,3,3,0.6667,0.0297,22.44,2
industrial,causal,Fault_1,5,9,0.3171,0.0691,4.59,0
industrial,neural,Fault_1,5,3,1.0,0.0505,19.8,5
industrial,causal,Fault_1,10,9,0.4212,0.1485,2.84,2
industrial,neural,Fault_1,10,3,0.7778,0.1064,7.31,8
industrial,causal,Fault_10,3,9,0.3639,0.0404,9.02,0
industrial,neural,Fault_10,3,3,1.0,0.0297,33.67,3
industrial,causal,Fault_10,5,9,0.2673,0.0691,3.87,0
industrial,neural,Fault_10,5,3,1.0,0.0505,19.8,5
industrial,causal,Fault_10,10,9,0.3734,0.1485,2.51,1
industrial,neural,Fault_10,10,3,0.8182,0.1064,7.69,9
industrial,causal,Fault_11,3,9,0.3389,0.0404,8.4,1
industrial,neural,Fault_11,3,3,0.6667,0.0297,22.44,2
industrial,causal,Fault_11,5,9,0.2627,0.0691,3.8,1
industrial,neural,Fault_11,5,3,0.5079,0.0505,10.06,3
industrial,causal,Fault_11,10,9,0.3079,0.1485,2.07,1
industrial,neural,Fault_11,10,3,0.4652,0.1064,4.37,5
industrial,causal,Fault_12,3,9,0.1472,0.0404,3.65,0
industrial,neural,Fault_12,3,3,0.6667,0.0297,22.44,2
industrial,causal,Fault_12,5,9,0.2295,0.0691,3.32,0
industrial,neural,Fault_12,5,3,0.7778,0.0505,15.4,4
industrial,causal,Fault_12,10,9,0.3404,0.1485,2.29,1
industrial,neural,Fault_12,10,3,0.8788,0.1064,8.26,9
industrial,causal,Fault_13,3,9,0.2028,0.0404,5.02,0
industrial,neural,Fault_13,3,3,0.6667,0.0297,22.44,2
industrial,causal,Fault_13,5,9,0.2854,0.0691,4.13,0
industrial,neural,Fault_13,5,3,0.7778,0.0505,15.4,4
industrial,causal,Fault_13,10,9,0.3782,0.1485,2.55,1
industrial,neural,Fault_13,10,3,0.8788,0.1064,8.26,9
industrial,causal,Fault_14,3,9,0.4639,0.0404,11.49,0
industrial,neural,Fault_14,3,3,1.0,0.0297,33.67,3
industrial,causal,Fault_14,5,9,0.3531,0.0691,5.11,1
industrial,neural,Fault_14,5,3,0.5873,0.0505,11.63,3
industrial,causal,Fault_14,10,9,0.3731,0.1485,2.51,2
industrial,neural,Fault_14,10,3,0.3739,0.1064,3.51,4
industrial,causal,Fault_15,3,9,0.1528,0.0404,3.79,0
industrial,neural,Fault_15,3,3,0.3,0.0297,10.1,1
industrial,causal,Fault_15,5,9,0.195,0.0691,2.82,0
industrial,neural,Fault_15,5,3,0.25,0.0505,4.95,2
industrial,causal,Fault_15,10,9,0.2591,0.1485,1.74,0
industrial,neural,Fault_15,10,3,0.2255,0.1064,2.12,2
industrial,causal,Fault_16,3,9,0.2944,0.0404,7.3,0
industrial,neural,Fault_16,3,3,1.0,0.0297,33.67,3
industrial,causal,Fault_16,5,9,0.2873,0.0691,4.16,0
industrial,neural,Fault_16,5,3,0.7778,0.0505,15.4,4
industrial,causal,Fault_16,10,9,0.3666,0.1485,2.47,1
industrial,neural,Fault_16,10,3,0.7172,0.1064,6.74,8
industrial,causal,Fault_17,3,9,0.6139,0.0404,15.21,1
industrial,neural,Fault_17,3,3,1.0,0.0297,33.67,3
industrial,causal,Fault_17,5,9,0.4064,0.0691,5.88,2
industrial,neural,Fault_17,5,3,0.5079,0.0505,10.06,3
industrial,causal,Fault_17,10,9,0.3355,0.1485,2.26,2
industrial,neural,Fault_17,10,3,0.4335,0.1064,4.07,5
industrial,causal,Fault_18,3,9,0.1833,0.0404,4.54,0
industrial,neural,Fault_18,3,3,0.6667,0.0297,22.44,2
industrial,causal,Fault_18,5,9,0.2145,0.0691,3.1,0
industrial,neural,Fault_18,5,3,0.7778,0.0505,15.4,4
industrial,causal,Fault_18,10,9,0.3249,0.1485,2.19,0
industrial,neural,Fault_18,10,3,0.7778,0.1064,7.31,8
industrial,causal,Fault_19,3,9,0.1722,0.0404,4.27,0
industrial,neural,Fault_19,3,3,0.3,0.0297,10.1,1
industrial,causal,Fault_19,5,9,0.2138,0.0691,3.09,0
industrial,neural,Fault_19,5,3,0.4484,0.0505,8.88,2
industrial,causal,Fault_19,10,9,0.3368,0.1485,2.27,2
industrial,neural,Fault_19,10,3,0.5556,0.1064,5.22,5
industrial,causal,Fault_2,3,9,0.1917,0.0404,4.75,0
industrial,neural,Fault_2,3,3,1.0,0.0297,33.67,3
industrial,causal,Fault_2,5,9,0.2143,0.0691,3.1,0
industrial,neural,Fault_2,5,3,1.0,0.0505,19.8,5
industrial,causal,Fault_2,10,9,0.2861,0.1485,1.93,0
industrial,neural,Fault_2,10,3,0.8788,0.1064,8.26,9
industrial,causal,Fault_20,3,9,0.7194,0.0404,17.83,0
industrial,neural,Fault_20,3,3,1.0,0.0297,33.67,3
industrial,causal,Fault_20,5,9,0.5582,0.0691,8.08,2
industrial,neural,Fault_20,5,3,1.0,0.0505,19.8,5
industrial,causal,Fault_20,10,9,0.4074,0.1485,2.74,3
industrial,neural,Fault_20,10,3,0.5385,0.1064,5.06,6
industrial,causal,Fault_3,3,9,0.1722,0.0404,4.27,0
industrial,neural,Fault_3,3,3,0.2,0.0297,6.73,1
industrial,causal,Fault_3,5,9,0.2537,0.0691,3.67,0
industrial,neural,Fault_3,5,3,0.1574,0.0505,3.12,1
industrial,causal,Fault_3,10,9,0.2958,0.1485,1.99,1
industrial,neural,Fault_3,10,3,0.281,0.1064,2.64,2
industrial,causal,Fault_4,3,9,0.3056,0.0404,7.57,1
industrial,neural,Fault_4,3,3,0.5,0.0297,16.83,2
industrial,causal,Fault_4,5,9,0.2919,0.0691,4.22,1
industrial,neural,Fault_4,5,3,0.5079,0.0505,10.06,3
industrial,causal,Fault_4,10,9,0.2977,0.1485,2.0,1
industrial,neural,Fault_4,10,3,0.3373,0.1064,3.17,3
industrial,causal,Fault_5,3,9,0.2083,0.0404,5.16,0
industrial,neural,Fault_5,3,3,0.6667,0.0297,22.44,2
industrial,causal,Fault_5,5,9,0.2057,0.0691,2.98,0
industrial,neural,Fault_5,5,3,0.7778,0.0505,15.4,4
industrial,causal,Fault_5,10,9,0.3343,0.1485,2.25,0
industrial,neural,Fault_5,10,3,1.0,0.1064,9.4,10
industrial,causal,Fault_6,3,9,0.1889,0.0404,4.68,0
industrial,neural,Fault_6,3,3,0.6667,0.0297,22.44,2
industrial,causal,Fault_6,5,9,0.2984,0.0691,4.32,1
industrial,neural,Fault_6,5,3,0.7778,0.0505,15.4,4
industrial,causal,Fault_6,10,9,0.3705,0.1485,2.49,1
industrial,neural,Fault_6,10,3,0.7778,0.1064,7.31,8
industrial,causal,Fault_7,3,9,0.1639,0.0404,4.06,0
industrial,neural,Fault_7,3,3,1.0,0.0297,33.67,3
industrial,causal,Fault_7,5,9,0.1936,0.0691,2.8,0
industrial,neural,Fault_7,5,3,0.7778,0.0505,15.4,4
industrial,causal,Fault_7,10,9,0.3886,0.1485,2.62,1
industrial,neural,Fault_7,10,3,1.0,0.1064,9.4,10
industrial,causal,Fault_8,3,9,0.1111,0.0404,2.75,0
industrial,neural,Fault_8,3,3,0.6667,0.0297,22.44,2
industrial,causal,Fault_8,5,9,0.1834,0.0691,2.65,0
industrial,neural,Fault_8,5,3,0.6667,0.0505,13.2,4
industrial,causal,Fault_8,10,9,0.2913,0.1485,1.96,0
industrial,neural,Fault_8,10,3,1.0,0.1064,9.4,10
industrial,causal,Fault_9,3,9,0.1333,0.0404,3.3,0
industrial,neural,Fault_9,3,3,0.3,0.0297,10.1,1
industrial,causal,Fault_9,5,9,0.1928,0.0691,2.79,0
industrial,neural,Fault_9,5,3,0.3889,0.0505,7.7,2
industrial,causal,Fault_9,10,9,0.276,0.1485,1.86,0
industrial,neural,Fault_9,10,3,0.3373,0.1064,3.17,3
robotics,causal,JointControl,3,9,0.2889,0.0147,19.68,0
robotics,neural,JointControl,3,3,0.6667,0.0062,107.78,2
robotics,causal,JointControl,5,9,0.2731,0.0247,11.05,1
robotics,neural,JointControl,5,3,0.5079,0.0104,49.07,3
robotics,causal,JointControl,10,9,0.3559,0.0507,7.02,1
robotics,neural,JointControl,10,3,0.4484,0.0209,21.43,4
robotics,causal,LedsControl,3,9,0.7222,0.0147,49.19,2
robotics,neural,LedsControl,3,3,0.2333,0.0062,37.72,0
robotics,causal,LedsControl,5,9,0.4312,0.0247,17.45,2
robotics,neural,LedsControl,5,3,0.2632,0.0104,25.43,1
robotics,causal,LedsControl,10,9,0.4292,0.0507,8.47,3
robotics,neural,LedsControl,10,3,0.369,0.0209,17.64,3
robotics,causal,WheelsControl,3,9,0.1278,0.0147,8.7,0
robotics,neural,WheelsControl,3,3,0.6667,0.0062,107.78,2
robotics,causal,WheelsControl,5,9,0.2618,0.0247,10.59,0
robotics,neural,WheelsControl,5,3,1.0,0.0104,96.6,5
robotics,causal,WheelsControl,10,9,0.2589,0.0507,5.11,1
robotics,neural,WheelsControl,10,3,0.5018,0.0209,23.99,5
