domain,algorithm,variant,fault,group,rule,pool,n_selected,n_relevant,relevance_pct,chance_pct,lift
healthcare,CAM-UV,Linear / Ridge,Attack_1,MI,top3,12,3,1,33.33,25.0,1.33
healthcare,CAM-UV,Linear / Ridge,Attack_1,MI,top5,12,5,2,40.0,25.0,1.6
healthcare,CAM-UV,Linear / Ridge,Attack_1,MI,top10,12,10,3,30.0,25.0,1.2
healthcare,CAM-UV,Linear / Ridge,Attack_1,MI,std1,12,3,1,33.33,25.0,1.33
healthcare,CAM-UV,Linear / Ridge,Attack_10,CD,top3,12,3,0,0.0,25.0,0.0
healthcare,CAM-UV,Linear / Ridge,Attack_10,CD,top5,12,5,2,40.0,25.0,1.6
healthcare,CAM-UV,Linear / Ridge,Attack_10,CD,top10,12,10,3,30.0,25.0,1.2
healthcare,CAM-UV,Linear / Ridge,Attack_10,CD,std1,12,2,0,0.0,25.0,0.0
healthcare,CAM-UV,Linear / Ridge,Attack_11,RHYTHM,top3,12,3,0,0.0,33.33,0.0
healthcare,CAM-UV,Linear / Ridge,Attack_11,RHYTHM,top5,12,5,2,40.0,33.33,1.2
healthcare,CAM-UV,Linear / Ridge,Attack_11,RHYTHM,top10,12,10,3,30.0,33.33,0.9
healthcare,CAM-UV,Linear / Ridge,Attack_11,RHYTHM,std1,12,3,0,0.0,33.33,0.0
healthcare,CAM-UV,Linear / Ridge,Attack_12,MI,top3,12,3,0,0.0,25.0,0.0
healthcare,CAM-UV,Linear / Ridge,Attack_12,MI,top5,12,5,0,0.0,25.0,0.0
healthcare,CAM-UV,Linear / Ridge,Attack_12,MI,top10,12,10,1,10.0,25.0,0.4
healthcare,CAM-UV,Linear / Ridge,Attack_12,MI,std1,12,1,0,0.0,25.0,0.0
healthcare,CAM-UV,Linear / Ridge,Attack_13,CD,top3,12,3,1,33.33,16.67,2.0
healthcare,CAM-UV,Linear / Ridge,Attack_13,CD,top5,12,5,1,20.0,16.67,1.2
healthcare,CAM-UV,Linear / Ridge,Attack_13,CD,top10,12,10,2,20.0,16.67,1.2
healthcare,CAM-UV,Linear / Ridge,Attack_13,CD,std1,12,3,1,33.33,16.67,2.0
healthcare,CAM-UV,Linear / Ridge,Attack_14,CD,top3,12,3,1,33.33,25.0,1.33
healthcare,CAM-UV,Linear / Ridge,Attack_14,CD,top5,12,5,1,20.0,25.0,0.8
healthcare,CAM-UV,Linear / Ridge,Attack_14,CD,top10,12,10,2,20.0,25.0,0.8
healthcare,CAM-UV,Linear / Ridge,Attack_14,CD,std1,12,2,1,50.0,25.0,2.0
healthcare,CAM-UV,Linear / Ridge,Attack_17,MI,top3,12,3,3,100.0,33.33,3.0
healthcare,CAM-UV,Linear / Ridge,Attack_17,MI,top5,12,5,3,60.0,33.33,1.8
healthcare,CAM-UV,Linear / Ridge,Attack_17,MI,top10,12,10,4,40.0,33.33,1.2
healthcare,CAM-UV,Linear / Ridge,Attack_17,MI,std1,12,1,1,100.0,33.33,3.0
healthcare,CAM-UV,Linear / Ridge,Attack_18,CD,top3,12,3,0,0.0,16.67,0.0
healthcare,CAM-UV,Linear / Ridge,Attack_18,CD,top5,12,5,0,0.0,16.67,0.0
healthcare,CAM-UV,Linear / Ridge,Attack_18,CD,top10,12,10,0,0.0,16.67,0.0
healthcare,CAM-UV,Linear / Ridge,Attack_18,CD,std1,12,3,0,0.0,16.67,0.0
healthcare,CAM-UV,Linear / Ridge,Attack_2,RHYTHM,top3,12,3,0,0.0,33.33,0.0
healthcare,CAM-UV,Linear / Ridge,Attack_2,RHYTHM,top5,12,5,0,0.0,33.33,0.0
healthcare,CAM-UV,Linear / Ridge,Attack_2,RHYTHM,top10,12,10,4,40.0,33.33,1.2
healthcare,CAM-UV,Linear / Ridge,Attack_2,RHYTHM,std1,12,2,0,0.0,33.33,0.0
healthcare,CAM-UV,Linear / Ridge,Attack_20,MI,top3,12,3,3,100.0,33.33,3.0
healthcare,CAM-UV,Linear / Ridge,Attack_20,MI,top5,12,5,3,60.0,33.33,1.8
healthcare,CAM-UV,Linear / Ridge,Attack_20,MI,top10,12,10,4,40.0,33.33,1.2
healthcare,CAM-UV,Linear / Ridge,Attack_20,MI,std1,12,3,3,100.0,33.33,3.0
healthcare,CAM-UV,Linear / Ridge,Attack_3,RHYTHM,top3,12,3,1,33.33,33.33,1.0
healthcare,CAM-UV,Linear / Ridge,Attack_3,RHYTHM,top5,12,5,2,40.0,33.33,1.2
healthcare,CAM-UV,Linear / Ridge,Attack_3,RHYTHM,top10,12,10,3,30.0,33.33,0.9
healthcare,CAM-UV,Linear / Ridge,Attack_3,RHYTHM,std1,12,2,0,0.0,33.33,0.0
healthcare,CAM-UV,Linear / Ridge,Attack_4,RHYTHM,top3,12,3,0,0.0,33.33,0.0
healthcare,CAM-UV,Linear / Ridge,Attack_4,RHYTHM,top5,12,5,1,20.0,33.33,0.6
healthcare,CAM-UV,Linear / Ridge,Attack_4,RHYTHM,top10,12,10,3,30.0,33.33,0.9
healthcare,CAM-UV,Linear / Ridge,Attack_4,RHYTHM,std1,12,3,0,0.0,33.33,0.0
healthcare,CAM-UV,Linear / Ridge,Attack_6,RHYTHM,top3,12,3,1,33.33,33.33,1.0
healthcare,CAM-UV,Linear / Ridge,Attack_6,RHYTHM,top5,12,5,3,60.0,33.33,1.8
healthcare,CAM-UV,Linear / Ridge,Attack_6,RHYTHM,top10,12,10,3,30.0,33.33,0.9
healthcare,CAM-UV,Linear / Ridge,Attack_6,RHYTHM,std1,12,1,0,0.0,33.33,0.0
healthcare,CAM-UV,Linear / Ridge,Attack_9,HYP,top3,12,3,0,0.0,41.67,0.0
healthcare,CAM-UV,Linear / Ridge,Attack_9,HYP,top5,12,5,1,20.0,41.67,0.48
healthcare,CAM-UV,Linear / Ridge,Attack_9,HYP,top10,12,10,3,30.0,41.67,0.72
healthcare,CAM-UV,Linear / Ridge,Attack_9,HYP,std1,12,2,0,0.0,41.67,0.0
healthcare,CAM-UV,Polynomial degree 3,Attack_1,MI,top3,12,3,0,0.0,25.0,0.0
healthcare,CAM-UV,Polynomial degree 3,Attack_1,MI,top5,12,5,2,40.0,25.0,1.6
healthcare,CAM-UV,Polynomial degree 3,Attack_1,MI,top10,12,10,2,20.0,25.0,0.8
healthcare,CAM-UV,Polynomial degree 3,Attack_1,MI,std1,12,2,0,0.0,25.0,0.0
healthcare,CAM-UV,Polynomial degree 3,Attack_10,CD,top3,12,3,0,0.0,25.0,0.0
healthcare,CAM-UV,Polynomial degree 3,Attack_10,CD,top5,12,5,0,0.0,25.0,0.0
healthcare,CAM-UV,Polynomial degree 3,Attack_10,CD,top10,12,10,2,20.0,25.0,0.8
healthcare,CAM-UV,Polynomial degree 3,Attack_10,CD,std1,12,1,0,0.0,25.0,0.0
healthcare,CAM-UV,Polynomial degree 3,Attack_11,RHYTHM,top3,12,3,1,33.33,33.33,1.0
healthcare,CAM-UV,Polynomial degree 3,Attack_11,RHYTHM,top5,12,5,2,40.0,33.33,1.2
healthcare,CAM-UV,Polynomial degree 3,Attack_11,RHYTHM,top10,12,10,3,30.0,33.33,0.9
healthcare,CAM-UV,Polynomial degree 3,Attack_11,RHYTHM,std1,12,2,1,50.0,33.33,1.5
healthcare,CAM-UV,Polynomial degree 3,Attack_12,MI,top3,12,3,0,0.0,25.0,0.0
healthcare,CAM-UV,Polynomial degree 3,Attack_12,MI,top5,12,5,0,0.0,25.0,0.0
healthcare,CAM-UV,Polynomial degree 3,Attack_12,MI,top10,12,10,1,10.0,25.0,0.4
healthcare,CAM-UV,Polynomial degree 3,Attack_12,MI,std1,12,2,0,0.0,25.0,0.0
healthcare,CAM-UV,Polynomial degree 3,Attack_13,CD,top3,12,3,1,33.33,16.67,2.0
healthcare,CAM-UV,Polynomial degree 3,Attack_13,CD,top5,12,5,1,20.0,16.67,1.2
healthcare,CAM-UV,Polynomial degree 3,Attack_13,CD,top10,12,10,1,10.0,16.67,0.6
healthcare,CAM-UV,Polynomial degree 3,Attack_13,CD,std1,12,3,1,33.33,16.67,2.0
healthcare,CAM-UV,Polynomial degree 3,Attack_14,CD,top3,12,3,1,33.33,25.0,1.33
healthcare,CAM-UV,Polynomial degree 3,Attack_14,CD,top5,12,5,1,20.0,25.0,0.8
healthcare,CAM-UV,Polynomial degree 3,Attack_14,CD,top10,12,10,1,10.0,25.0,0.4
healthcare,CAM-UV,Polynomial degree 3,Attack_14,CD,std1,12,2,1,50.0,25.0,2.0
healthcare,CAM-UV,Polynomial degree 3,Attack_17,MI,top3,12,3,2,66.67,33.33,2.0
healthcare,CAM-UV,Polynomial degree 3,Attack_17,MI,top5,12,5,3,60.0,33.33,1.8
healthcare,CAM-UV,Polynomial degree 3,Attack_17,MI,top10,12,10,4,40.0,33.33,1.2
healthcare,CAM-UV,Polynomial degree 3,Attack_17,MI,std1,12,2,1,50.0,33.33,1.5
healthcare,CAM-UV,Polynomial degree 3,Attack_18,CD,top3,12,3,0,0.0,16.67,0.0
healthcare,CAM-UV,Polynomial degree 3,Attack_18,CD,top5,12,5,0,0.0,16.67,0.0
healthcare,CAM-UV,Polynomial degree 3,Attack_18,CD,top10,12,10,0,0.0,16.67,0.0
healthcare,CAM-UV,Polynomial degree 3,Attack_18,CD,std1,12,2,0,0.0,16.67,0.0
healthcare,CAM-UV,Polynomial degree 3,Attack_2,RHYTHM,top3,12,3,1,33.33,33.33,1.0
healthcare,CAM-UV,Polynomial degree 3,Attack_2,RHYTHM,top5,12,5,2,40.0,33.33,1.2
healthcare,CAM-UV,Polynomial degree 3,Attack_2,RHYTHM,top10,12,10,4,40.0,33.33,1.2
healthcare,CAM-UV,Polynomial degree 3,Attack_2,RHYTHM,std1,12,3,1,33.33,33.33,1.0
healthcare,CAM-UV,Polynomial degree 3,Attack_20,MI,top3,12,3,3,100.0,33.33,3.0
healthcare,CAM-UV,Polynomial degree 3,Attack_20,MI,top5,12,5,3,60.0,33.33,1.8
healthcare,CAM-UV,Polynomial degree 3,Attack_20,MI,top10,12,10,3,30.0,33.33,0.9
healthcare,CAM-UV,Polynomial degree 3,Attack_20,MI,std1,12,2,2,100.0,33.33,3.0
healthcare,CAM-UV,Polynomial degree 3,Attack_3,RHYTHM,top3,12,3,1,33.33,33.33,1.0
healthcare,CAM-UV,Polynomial degree 3,Attack_3,RHYTHM,top5,12,5,2,40.0,33.33,1.2
healthcare,CAM-UV,Polynomial degree 3,Attack_3,RHYTHM,top10,12,10,3,30.0,33.33,0.9
healthcare,CAM-UV,Polynomial degree 3,Attack_3,RHYTHM,std1,12,1,0,0.0,33.33,0.0
healthcare,CAM-UV,Polynomial degree 3,Attack_4,RHYTHM,top3,12,3,2,66.67,33.33,2.0
healthcare,CAM-UV,Polynomial degree 3,Attack_4,RHYTHM,top5,12,5,3,60.0,33.33,1.8
healthcare,CAM-UV,Polynomial degree 3,Attack_4,RHYTHM,top10,12,10,3,30.0,33.33,0.9
healthcare,CAM-UV,Polynomial degree 3,Attack_4,RHYTHM,std1,12,2,1,50.0,33.33,1.5
healthcare,CAM-UV,Polynomial degree 3,Attack_6,RHYTHM,top3,12,3,2,66.67,33.33,2.0
healthcare,CAM-UV,Polynomial degree 3,Attack_6,RHYTHM,top5,12,5,3,60.0,33.33,1.8
healthcare,CAM-UV,Polynomial degree 3,Attack_6,RHYTHM,top10,12,10,3,30.0,33.33,0.9
healthcare,CAM-UV,Polynomial degree 3,Attack_6,RHYTHM,std1,12,3,2,66.67,33.33,2.0
healthcare,CAM-UV,Polynomial degree 3,Attack_9,HYP,top3,12,3,1,33.33,41.67,0.8
healthcare,CAM-UV,Polynomial degree 3,Attack_9,HYP,top5,12,5,2,40.0,41.67,0.96
healthcare,CAM-UV,Polynomial degree 3,Attack_9,HYP,top10,12,10,3,30.0,41.67,0.72
healthcare,CAM-UV,Polynomial degree 3,Attack_9,HYP,std1,12,3,1,33.33,41.67,0.8
healthcare,CAM-UV,RBF + Ridge,Attack_1,MI,top3,12,3,3,100.0,25.0,4.0
healthcare,CAM-UV,RBF + Ridge,Attack_1,MI,top5,12,5,3,60.0,25.0,2.4
healthcare,CAM-UV,RBF + Ridge,Attack_1,MI,top10,12,10,3,30.0,25.0,1.2
healthcare,CAM-UV,RBF + Ridge,Attack_1,MI,std1,12,4,3,75.0,25.0,3.0
healthcare,CAM-UV,RBF + Ridge,Attack_10,CD,top3,12,3,1,33.33,25.0,1.33
healthcare,CAM-UV,RBF + Ridge,Attack_10,CD,top5,12,5,2,40.0,25.0,1.6
healthcare,CAM-UV,RBF + Ridge,Attack_10,CD,top10,12,10,3,30.0,25.0,1.2
healthcare,CAM-UV,RBF + Ridge,Attack_10,CD,std1,12,2,0,0.0,25.0,0.0
healthcare,CAM-UV,RBF + Ridge,Attack_11,RHYTHM,top3,12,3,0,0.0,33.33,0.0
healthcare,CAM-UV,RBF + Ridge,Attack_11,RHYTHM,top5,12,5,0,0.0,33.33,0.0
healthcare,CAM-UV,RBF + Ridge,Attack_11,RHYTHM,top10,12,10,2,20.0,33.33,0.6
healthcare,CAM-UV,RBF + Ridge,Attack_11,RHYTHM,std1,12,3,0,0.0,33.33,0.0
healthcare,CAM-UV,RBF + Ridge,Attack_12,MI,top3,12,3,0,0.0,25.0,0.0
healthcare,CAM-UV,RBF + Ridge,Attack_12,MI,top5,12,5,0,0.0,25.0,0.0
healthcare,CAM-UV,RBF + Ridge,Attack_12,MI,top10,12,10,1,10.0,25.0,0.4
healthcare,CAM-UV,RBF + Ridge,Attack_12,MI,std1,12,2,0,0.0,25.0,0.0
healthcare,CAM-UV,RBF + Ridge,Attack_13,CD,top3,12,3,1,33.33,16.67,2.0
healthcare,CAM-UV,RBF + Ridge,Attack_13,CD,top5,12,5,1,20.0,16.67,1.2
healthcare,CAM-UV,RBF + Ridge,Attack_13,CD,top10,12,10,1,10.0,16.67,0.6
healthcare,CAM-UV,RBF + Ridge,Attack_13,CD,std1,12,2,0,0.0,16.67,0.0
healthcare,CAM-UV,RBF + Ridge,Attack_14,CD,top3,12,3,0,0.0,25.0,0.0
healthcare,CAM-UV,RBF + Ridge,Attack_14,CD,top5,12,5,1,20.0,25.0,0.8
healthcare,CAM-UV,RBF + Ridge,Attack_14,CD,top10,12,10,1,10.0,25.0,0.4
healthcare,CAM-UV,RBF + Ridge,Attack_14,CD,std1,12,3,0,0.0,25.0,0.0
healthcare,CAM-UV,RBF + Ridge,Attack_17,MI,top3,12,3,2,66.67,33.33,2.0
healthcare,CAM-UV,RBF + Ridge,Attack_17,MI,top5,12,5,2,40.0,33.33,1.2
healthcare,CAM-UV,RBF + Ridge,Attack_17,MI,top10,12,10,4,40.0,33.33,1.2
healthcare,CAM-UV,RBF + Ridge,Attack_17,MI,std1,12,2,1,50.0,33.33,1.5
healthcare,CAM-UV,RBF + Ridge,Attack_18,CD,top3,12,3,0,0.0,16.67,0.0
healthcare,CAM-UV,RBF + Ridge,Attack_18,CD,top5,12,5,0,0.0,16.67,0.0
healthcare,CAM-UV,RBF + Ridge,Attack_18,CD,top10,12,10,1,10.0,16.67,0.6
healthcare,CAM-UV,RBF + Ridge,Attack_18,CD,std1,12,3,0,0.0,16.67,0.0
healthcare,CAM-UV,RBF + Ridge,Attack_2,RHYTHM,top3,12,3,0,0.0,33.33,0.0
healthcare,CAM-UV,RBF + Ridge,Attack_2,RHYTHM,top5,12,5,1,20.0,33.33,0.6
healthcare,CAM-UV,RBF + Ridge,Attack_2,RHYTHM,top10,12,10,3,30.0,33.33,0.9
healthcare,CAM-UV,RBF + Ridge,Attack_2,RHYTHM,std1,12,1,0,0.0,33.33,0.0
healthcare,CAM-UV,RBF + Ridge,Attack_20,MI,top3,12,3,2,66.67,33.33,2.0
healthcare,CAM-UV,RBF + Ridge,Attack_20,MI,top5,12,5,3,60.0,33.33,1.8
healthcare,CAM-UV,RBF + Ridge,Attack_20,MI,top10,12,10,4,40.0,33.33,1.2
healthcare,CAM-UV,RBF + Ridge,Attack_20,MI,std1,12,3,2,66.67,33.33,2.0
healthcare,CAM-UV,RBF + Ridge,Attack_3,RHYTHM,top3,12,3,0,0.0,33.33,0.0
healthcare,CAM-UV,RBF + Ridge,Attack_3,RHYTHM,top5,12,5,0,0.0,33.33,0.0
healthcare,CAM-UV,RBF + Ridge,Attack_3,RHYTHM,top10,12,10,2,20.0,33.33,0.6
healthcare,CAM-UV,RBF + Ridge,Attack_3,RHYTHM,std1,12,3,0,0.0,33.33,0.0
healthcare,CAM-UV,RBF + Ridge,Attack_4,RHYTHM,top3,12,3,0,0.0,33.33,0.0
healthcare,CAM-UV,RBF + Ridge,Attack_4,RHYTHM,top5,12,5,0,0.0,33.33,0.0
healthcare,CAM-UV,RBF + Ridge,Attack_4,RHYTHM,top10,12,10,3,30.0,33.33,0.9
healthcare,CAM-UV,RBF + Ridge,Attack_4,RHYTHM,std1,12,2,0,0.0,33.33,0.0
healthcare,CAM-UV,RBF + Ridge,Attack_6,RHYTHM,top3,12,3,0,0.0,33.33,0.0
healthcare,CAM-UV,RBF + Ridge,Attack_6,RHYTHM,top5,12,5,1,20.0,33.33,0.6
healthcare,CAM-UV,RBF + Ridge,Attack_6,RHYTHM,top10,12,10,3,30.0,33.33,0.9
healthcare,CAM-UV,RBF + Ridge,Attack_6,RHYTHM,std1,12,2,0,0.0,33.33,0.0
healthcare,CAM-UV,RBF + Ridge,Attack_9,HYP,top3,12,3,0,0.0,41.67,0.0
healthcare,CAM-UV,RBF + Ridge,Attack_9,HYP,top5,12,5,0,0.0,41.67,0.0
healthcare,CAM-UV,RBF + Ridge,Attack_9,HYP,top10,12,10,3,30.0,41.67,0.72
healthcare,CAM-UV,RBF + Ridge,Attack_9,HYP,std1,12,2,0,0.0,41.67,0.0
industrial,CAM-UV,Linear / Ridge,Fault_11,,top3,39,3,1,33.33,2.56,13.0
industrial,CAM-UV,Linear / Ridge,Fault_11,,top5,39,5,1,20.0,2.56,7.8
industrial,CAM-UV,Linear / Ridge,Fault_11,,top10,39,10,1,10.0,2.56,3.9
industrial,CAM-UV,Linear / Ridge,Fault_11,,std1,39,6,1,16.67,2.56,6.5
industrial,CAM-UV,Linear / Ridge,Fault_14,,top3,39,3,1,33.33,2.56,13.0
industrial,CAM-UV,Linear / Ridge,Fault_14,,top5,39,5,1,20.0,2.56,7.8
industrial,CAM-UV,Linear / Ridge,Fault_14,,top10,39,10,1,10.0,2.56,3.9
industrial,CAM-UV,Linear / Ridge,Fault_14,,std1,39,2,0,0.0,2.56,0.0
industrial,CAM-UV,Linear / Ridge,Fault_4,,top3,39,3,1,33.33,2.56,13.0
industrial,CAM-UV,Linear / Ridge,Fault_4,,top5,39,5,1,20.0,2.56,7.8
industrial,CAM-UV,Linear / Ridge,Fault_4,,top10,39,10,1,10.0,2.56,3.9
industrial,CAM-UV,Linear / Ridge,Fault_4,,std1,39,1,1,100.0,2.56,39.0
industrial,CAM-UV,Linear / Ridge,Fault_5,,top3,39,3,1,33.33,2.56,13.0
industrial,CAM-UV,Linear / Ridge,Fault_5,,top5,39,5,1,20.0,2.56,7.8
industrial,CAM-UV,Linear / Ridge,Fault_5,,top10,39,10,1,10.0,2.56,3.9
industrial,CAM-UV,Linear / Ridge,Fault_5,,std1,39,3,1,33.33,2.56,13.0
industrial,CAM-UV,Linear / Ridge,Fault_7,,top3,39,3,1,33.33,2.56,13.0
industrial,CAM-UV,Linear / Ridge,Fault_7,,top5,39,5,1,20.0,2.56,7.8
industrial,CAM-UV,Linear / Ridge,Fault_7,,top10,39,10,1,10.0,2.56,3.9
industrial,CAM-UV,Linear / Ridge,Fault_7,,std1,39,3,1,33.33,2.56,13.0
industrial,CAM-UV,Polynomial degree 3,Fault_11,,top3,39,3,1,33.33,2.56,13.0
industrial,CAM-UV,Polynomial degree 3,Fault_11,,top5,39,5,1,20.0,2.56,7.8
industrial,CAM-UV,Polynomial degree 3,Fault_11,,top10,39,10,1,10.0,2.56,3.9
industrial,CAM-UV,Polynomial degree 3,Fault_11,,std1,39,3,1,33.33,2.56,13.0
industrial,CAM-UV,Polynomial degree 3,Fault_14,,top3,39,3,1,33.33,2.56,13.0
industrial,CAM-UV,Polynomial degree 3,Fault_14,,top5,39,5,1,20.0,2.56,7.8
industrial,CAM-UV,Polynomial degree 3,Fault_14,,top10,39,10,1,10.0,2.56,3.9
industrial,CAM-UV,Polynomial degree 3,Fault_14,,std1,39,3,1,33.33,2.56,13.0
industrial,CAM-UV,Polynomial degree 3,Fault_4,,top3,39,3,1,33.33,2.56,13.0
industrial,CAM-UV,Polynomial degree 3,Fault_4,,top5,39,5,1,20.0,2.56,7.8
industrial,CAM-UV,Polynomial degree 3,Fault_4,,top10,39,10,1,10.0,2.56,3.9
industrial,CAM-UV,Polynomial degree 3,Fault_4,,std1,39,1,1,100.0,2.56,39.0
industrial,CAM-UV,Polynomial degree 3,Fault_5,,top3,39,3,1,33.33,2.56,13.0
industrial,CAM-UV,Polynomial degree 3,Fault_5,,top5,39,5,1,20.0,2.56,7.8
industrial,CAM-UV,Polynomial degree 3,Fault_5,,top10,39,10,1,10.0,2.56,3.9
industrial,CAM-UV,Polynomial degree 3,Fault_5,,std1,39,3,1,33.33,2.56,13.0
industrial,CAM-UV,Polynomial degree 3,Fault_7,,top3,39,3,1,33.33,2.56,13.0
industrial,CAM-UV,Polynomial degree 3,Fault_7,,top5,39,5,1,20.0,2.56,7.8
industrial,CAM-UV,Polynomial degree 3,Fault_7,,top10,39,10,1,10.0,2.56,3.9
industrial,CAM-UV,Polynomial degree 3,Fault_7,,std1,39,2,1,50.0,2.56,19.5
industrial,CAM-UV,RBF + Ridge,Fault_11,,top3,39,3,1,33.33,2.56,13.0
industrial,CAM-UV,RBF + Ridge,Fault_11,,top5,39,5,1,20.0,2.56,7.8
industrial,CAM-UV,RBF + Ridge,Fault_11,,top10,39,10,1,10.0,2.56,3.9
industrial,CAM-UV,RBF + Ridge,Fault_11,,std1,39,8,1,12.5,2.56,4.88
industrial,CAM-UV,RBF + Ridge,Fault_14,,top3,39,3,1,33.33,2.56,13.0
industrial,CAM-UV,RBF + Ridge,Fault_14,,top5,39,5,1,20.0,2.56,7.8
industrial,CAM-UV,RBF + Ridge,Fault_14,,top10,39,10,1,10.0,2.56,3.9
industrial,CAM-UV,RBF + Ridge,Fault_14,,std1,39,2,1,50.0,2.56,19.5
industrial,CAM-UV,RBF + Ridge,Fault_4,,top3,39,3,1,33.33,2.56,13.0
industrial,CAM-UV,RBF + Ridge,Fault_4,,top5,39,5,1,20.0,2.56,7.8
industrial,CAM-UV,RBF + Ridge,Fault_4,,top10,39,10,1,10.0,2.56,3.9
industrial,CAM-UV,RBF + Ridge,Fault_4,,std1,39,1,1,100.0,2.56,39.0
industrial,CAM-UV,RBF + Ridge,Fault_5,,top3,39,3,0,0.0,2.56,0.0
industrial,CAM-UV,RBF + Ridge,Fault_5,,top5,39,5,0,0.0,2.56,0.0
industrial,CAM-UV,RBF + Ridge,Fault_5,,top10,39,10,1,10.0,2.56,3.9
industrial,CAM-UV,RBF + Ridge,Fault_5,,std1,39,6,0,0.0,2.56,0.0
industrial,CAM-UV,RBF + Ridge,Fault_7,,top3,39,3,0,0.0,2.56,0.0
industrial,CAM-UV,RBF + Ridge,Fault_7,,top5,39,5,0,0.0,2.56,0.0
industrial,CAM-UV,RBF + Ridge,Fault_7,,top10,39,10,1,10.0,2.56,3.9
industrial,CAM-UV,RBF + Ridge,Fault_7,,std1,39,8,1,12.5,2.56,4.88
robotics,CAM-UV,Linear / Ridge,JointControl,,top3,35,3,2,66.67,54.29,1.23
robotics,CAM-UV,Linear / Ridge,JointControl,,top5,35,5,4,80.0,54.29,1.47
robotics,CAM-UV,Linear / Ridge,JointControl,,top10,35,10,8,80.0,54.29,1.47
robotics,CAM-UV,Linear / Ridge,JointControl,,std1,35,6,5,83.33,54.29,1.54
robotics,CAM-UV,Linear / Ridge,LedsControl,,top3,35,3,2,66.67,5.71,11.67
robotics,CAM-UV,Linear / Ridge,LedsControl,,top5,35,5,2,40.0,5.71,7.0
robotics,CAM-UV,Linear / Ridge,LedsControl,,top10,35,10,2,20.0,5.71,3.5
robotics,CAM-UV,Linear / Ridge,LedsControl,,std1,35,1,1,100.0,5.71,17.5
robotics,CAM-UV,Linear / Ridge,WheelsControl,,top3,35,3,3,100.0,14.29,7.0
robotics,CAM-UV,Linear / Ridge,WheelsControl,,top5,35,5,3,60.0,14.29,4.2
robotics,CAM-UV,Linear / Ridge,WheelsControl,,top10,35,10,4,40.0,14.29,2.8
robotics,CAM-UV,Linear / Ridge,WheelsControl,,std1,35,4,3,75.0,14.29,5.25
robotics,CAM-UV,Polynomial degree 3,JointControl,,top3,35,3,3,100.0,54.29,1.84
robotics,CAM-UV,Polynomial degree 3,JointControl,,top5,35,5,5,100.0,54.29,1.84
robotics,CAM-UV,Polynomial degree 3,JointControl,,top10,35,10,9,90.0,54.29,1.66
robotics,CAM-UV,Polynomial degree 3,JointControl,,std1,35,7,6,85.71,54.29,1.58
robotics,CAM-UV,Polynomial degree 3,LedsControl,,top3,35,3,2,66.67,5.71,11.67
robotics,CAM-UV,Polynomial degree 3,LedsControl,,top5,35,5,2,40.0,5.71,7.0
robotics,CAM-UV,Polynomial degree 3,LedsControl,,top10,35,10,2,20.0,5.71,3.5
robotics,CAM-UV,Polynomial degree 3,LedsControl,,std1,35,1,1,100.0,5.71,17.5
robotics,CAM-UV,Polynomial degree 3,WheelsControl,,top3,35,3,2,66.67,14.29,4.67
robotics,CAM-UV,Polynomial degree 3,WheelsControl,,top5,35,5,3,60.0,14.29,4.2
robotics,CAM-UV,Polynomial degree 3,WheelsControl,,top10,35,10,3,30.0,14.29,2.1
robotics,CAM-UV,Polynomial degree 3,WheelsControl,,std1,35,6,3,50.0,14.29,3.5
robotics,CAM-UV,RBF + Ridge,JointControl,,top3,35,3,3,100.0,54.29,1.84
robotics,CAM-UV,RBF + Ridge,JointControl,,top5,35,5,5,100.0,54.29,1.84
robotics,CAM-UV,RBF + Ridge,JointControl,,top10,35,10,10,100.0,54.29,1.84
robotics,CAM-UV,RBF + Ridge,JointControl,,std1,35,3,3,100.0,54.29,1.84
robotics,CAM-UV,RBF + Ridge,LedsControl,,top3,35,3,2,66.67,5.71,11.67
robotics,CAM-UV,RBF + Ridge,LedsControl,,top5,35,5,2,40.0,5.71,7.0
robotics,CAM-UV,RBF + Ridge,LedsControl,,top10,35,10,2,20.0,5.71,3.5
robotics,CAM-UV,RBF + Ridge,LedsControl,,std1,35,1,1,100.0,5.71,17.5
robotics,CAM-UV,RBF + Ridge,WheelsControl,,top3,35,3,1,33.33,14.29,2.33
robotics,CAM-UV,RBF + Ridge,WheelsControl,,top5,35,5,2,40.0,14.29,2.8
robotics,CAM-UV,RBF + Ridge,WheelsControl,,top10,35,10,2,20.0,14.29,1.4
robotics,CAM-UV,RBF + Ridge,WheelsControl,,std1,35,5,2,40.0,14.29,2.8
healthcare,GES,Linear / Ridge,Attack_1,MI,top3,9,3,2,66.67,33.33,2.0
healthcare,GES,Linear / Ridge,Attack_1,MI,top5,9,5,2,40.0,33.33,1.2
healthcare,GES,Linear / Ridge,Attack_1,MI,top10,9,9,3,33.33,33.33,1.0
healthcare,GES,Linear / Ridge,Attack_1,MI,std1,9,1,0,0.0,33.33,0.0
healthcare,GES,Linear / Ridge,Attack_10,CD,top3,9,3,1,33.33,33.33,1.0
healthcare,GES,Linear / Ridge,Attack_10,CD,top5,9,5,2,40.0,33.33,1.2
healthcare,GES,Linear / Ridge,Attack_10,CD,top10,9,9,3,33.33,33.33,1.0
healthcare,GES,Linear / Ridge,Attack_10,CD,std1,9,2,1,50.0,33.33,1.5
healthcare,GES,Linear / Ridge,Attack_11,RHYTHM,top3,9,3,2,66.67,44.44,1.5
healthcare,GES,Linear / Ridge,Attack_11,RHYTHM,top5,9,5,3,60.0,44.44,1.35
healthcare,GES,Linear / Ridge,Attack_11,RHYTHM,top10,9,9,4,44.44,44.44,1.0
healthcare,GES,Linear / Ridge,Attack_11,RHYTHM,std1,9,2,2,100.0,44.44,2.25
healthcare,GES,Linear / Ridge,Attack_12,MI,top3,9,3,0,0.0,33.33,0.0
healthcare,GES,Linear / Ridge,Attack_12,MI,top5,9,5,1,20.0,33.33,0.6
healthcare,GES,Linear / Ridge,Attack_12,MI,top10,9,9,3,33.33,33.33,1.0
healthcare,GES,Linear / Ridge,Attack_12,MI,std1,9,2,0,0.0,33.33,0.0
healthcare,GES,Linear / Ridge,Attack_13,CD,top3,9,3,0,0.0,22.22,0.0
healthcare,GES,Linear / Ridge,Attack_13,CD,top5,9,5,1,20.0,22.22,0.9
healthcare,GES,Linear / Ridge,Attack_13,CD,top10,9,9,2,22.22,22.22,1.0
healthcare,GES,Linear / Ridge,Attack_13,CD,std1,9,2,0,0.0,22.22,0.0
healthcare,GES,Linear / Ridge,Attack_14,CD,top3,9,3,1,33.33,22.22,1.5
healthcare,GES,Linear / Ridge,Attack_14,CD,top5,9,5,1,20.0,22.22,0.9
healthcare,GES,Linear / Ridge,Attack_14,CD,top10,9,9,2,22.22,22.22,1.0
healthcare,GES,Linear / Ridge,Attack_14,CD,std1,9,3,1,33.33,22.22,1.5
healthcare,GES,Linear / Ridge,Attack_17,MI,top3,9,3,2,66.67,33.33,2.0
healthcare,GES,Linear / Ridge,Attack_17,MI,top5,9,5,3,60.0,33.33,1.8
healthcare,GES,Linear / Ridge,Attack_17,MI,top10,9,9,3,33.33,33.33,1.0
healthcare,GES,Linear / Ridge,Attack_17,MI,std1,9,1,1,100.0,33.33,3.0
healthcare,GES,Linear / Ridge,Attack_18,CD,top3,9,3,0,0.0,11.11,0.0
healthcare,GES,Linear / Ridge,Attack_18,CD,top5,9,5,0,0.0,11.11,0.0
healthcare,GES,Linear / Ridge,Attack_18,CD,top10,9,9,1,11.11,11.11,1.0
healthcare,GES,Linear / Ridge,Attack_18,CD,std1,9,2,0,0.0,11.11,0.0
healthcare,GES,Linear / Ridge,Attack_2,RHYTHM,top3,9,3,2,66.67,44.44,1.5
healthcare,GES,Linear / Ridge,Attack_2,RHYTHM,top5,9,5,2,40.0,44.44,0.9
healthcare,GES,Linear / Ridge,Attack_2,RHYTHM,top10,9,9,4,44.44,44.44,1.0
healthcare,GES,Linear / Ridge,Attack_2,RHYTHM,std1,9,1,0,0.0,44.44,0.0
healthcare,GES,Linear / Ridge,Attack_20,MI,top3,9,3,2,66.67,33.33,2.0
healthcare,GES,Linear / Ridge,Attack_20,MI,top5,9,5,2,40.0,33.33,1.2
healthcare,GES,Linear / Ridge,Attack_20,MI,top10,9,9,3,33.33,33.33,1.0
healthcare,GES,Linear / Ridge,Attack_20,MI,std1,9,1,1,100.0,33.33,3.0
healthcare,GES,Linear / Ridge,Attack_3,RHYTHM,top3,9,3,1,33.33,44.44,0.75
healthcare,GES,Linear / Ridge,Attack_3,RHYTHM,top5,9,5,3,60.0,44.44,1.35
healthcare,GES,Linear / Ridge,Attack_3,RHYTHM,top10,9,9,4,44.44,44.44,1.0
healthcare,GES,Linear / Ridge,Attack_3,RHYTHM,std1,9,1,0,0.0,44.44,0.0
healthcare,GES,Linear / Ridge,Attack_4,RHYTHM,top3,9,3,2,66.67,44.44,1.5
healthcare,GES,Linear / Ridge,Attack_4,RHYTHM,top5,9,5,3,60.0,44.44,1.35
healthcare,GES,Linear / Ridge,Attack_4,RHYTHM,top10,9,9,4,44.44,44.44,1.0
healthcare,GES,Linear / Ridge,Attack_4,RHYTHM,std1,9,1,0,0.0,44.44,0.0
healthcare,GES,Linear / Ridge,Attack_6,RHYTHM,top3,9,3,2,66.67,44.44,1.5
healthcare,GES,Linear / Ridge,Attack_6,RHYTHM,top5,9,5,3,60.0,44.44,1.35
healthcare,GES,Linear / Ridge,Attack_6,RHYTHM,top10,9,9,4,44.44,44.44,1.0
healthcare,GES,Linear / Ridge,Attack_6,RHYTHM,std1,9,2,1,50.0,44.44,1.12
healthcare,GES,Linear / Ridge,Attack_9,HYP,top3,9,3,0,0.0,44.44,0.0
healthcare,GES,Linear / Ridge,Attack_9,HYP,top5,9,5,1,20.0,44.44,0.45
healthcare,GES,Linear / Ridge,Attack_9,HYP,top10,9,9,4,44.44,44.44,1.0
healthcare,GES,Linear / Ridge,Attack_9,HYP,std1,9,2,0,0.0,44.44,0.0
healthcare,GES,Polynomial degree 3,Attack_1,MI,top3,9,3,0,0.0,33.33,0.0
healthcare,GES,Polynomial degree 3,Attack_1,MI,top5,9,5,1,20.0,33.33,0.6
healthcare,GES,Polynomial degree 3,Attack_1,MI,top10,9,9,3,33.33,33.33,1.0
healthcare,GES,Polynomial degree 3,Attack_1,MI,std1,9,1,0,0.0,33.33,0.0
healthcare,GES,Polynomial degree 3,Attack_10,CD,top3,9,3,0,0.0,33.33,0.0
healthcare,GES,Polynomial degree 3,Attack_10,CD,top5,9,5,1,20.0,33.33,0.6
healthcare,GES,Polynomial degree 3,Attack_10,CD,top10,9,9,3,33.33,33.33,1.0
healthcare,GES,Polynomial degree 3,Attack_10,CD,std1,9,2,0,0.0,33.33,0.0
healthcare,GES,Polynomial degree 3,Attack_11,RHYTHM,top3,9,3,3,100.0,44.44,2.25
healthcare,GES,Polynomial degree 3,Attack_11,RHYTHM,top5,9,5,3,60.0,44.44,1.35
healthcare,GES,Polynomial degree 3,Attack_11,RHYTHM,top10,9,9,4,44.44,44.44,1.0
healthcare,GES,Polynomial degree 3,Attack_11,RHYTHM,std1,9,2,2,100.0,44.44,2.25
healthcare,GES,Polynomial degree 3,Attack_12,MI,top3,9,3,0,0.0,33.33,0.0
healthcare,GES,Polynomial degree 3,Attack_12,MI,top5,9,5,1,20.0,33.33,0.6
healthcare,GES,Polynomial degree 3,Attack_12,MI,top10,9,9,3,33.33,33.33,1.0
healthcare,GES,Polynomial degree 3,Attack_12,MI,std1,9,2,0,0.0,33.33,0.0
healthcare,GES,Polynomial degree 3,Attack_13,CD,top3,9,3,0,0.0,22.22,0.0
healthcare,GES,Polynomial degree 3,Attack_13,CD,top5,9,5,1,20.0,22.22,0.9
healthcare,GES,Polynomial degree 3,Attack_13,CD,top10,9,9,2,22.22,22.22,1.0
healthcare,GES,Polynomial degree 3,Attack_13,CD,std1,9,1,0,0.0,22.22,0.0
healthcare,GES,Polynomial degree 3,Attack_14,CD,top3,9,3,1,33.33,22.22,1.5
healthcare,GES,Polynomial degree 3,Attack_14,CD,top5,9,5,1,20.0,22.22,0.9
healthcare,GES,Polynomial degree 3,Attack_14,CD,top10,9,9,2,22.22,22.22,1.0
healthcare,GES,Polynomial degree 3,Attack_14,CD,std1,9,2,1,50.0,22.22,2.25
healthcare,GES,Polynomial degree 3,Attack_17,MI,top3,9,3,2,66.67,33.33,2.0
healthcare,GES,Polynomial degree 3,Attack_17,MI,top5,9,5,3,60.0,33.33,1.8
healthcare,GES,Polynomial degree 3,Attack_17,MI,top10,9,9,3,33.33,33.33,1.0
healthcare,GES,Polynomial degree 3,Attack_17,MI,std1,9,2,1,50.0,33.33,1.5
healthcare,GES,Polynomial degree 3,Attack_18,CD,top3,9,3,0,0.0,11.11,0.0
healthcare,GES,Polynomial degree 3,Attack_18,CD,top5,9,5,0,0.0,11.11,0.0
healthcare,GES,Polynomial degree 3,Attack_18,CD,top10,9,9,1,11.11,11.11,1.0
healthcare,GES,Polynomial degree 3,Attack_18,CD,std1,9,2,0,0.0,11.11,0.0
healthcare,GES,Polynomial degree 3,Attack_2,RHYTHM,top3,9,3,2,66.67,44.44,1.5
healthcare,GES,Polynomial degree 3,Attack_2,RHYTHM,top5,9,5,3,60.0,44.44,1.35
healthcare,GES,Polynomial degree 3,Attack_2,RHYTHM,top10,9,9,4,44.44,44.44,1.0
healthcare,GES,Polynomial degree 3,Attack_2,RHYTHM,std1,9,2,1,50.0,44.44,1.12
healthcare,GES,Polynomial degree 3,Attack_20,MI,top3,9,3,2,66.67,33.33,2.0
healthcare,GES,Polynomial degree 3,Attack_20,MI,top5,9,5,2,40.0,33.33,1.2
healthcare,GES,Polynomial degree 3,Attack_20,MI,top10,9,9,3,33.33,33.33,1.0
healthcare,GES,Polynomial degree 3,Attack_20,MI,std1,9,2,2,100.0,33.33,3.0
healthcare,GES,Polynomial degree 3,Attack_3,RHYTHM,top3,9,3,2,66.67,44.44,1.5
healthcare,GES,Polynomial degree 3,Attack_3,RHYTHM,top5,9,5,3,60.0,44.44,1.35
healthcare,GES,Polynomial degree 3,Attack_3,RHYTHM,top10,9,9,4,44.44,44.44,1.0
healthcare,GES,Polynomial degree 3,Attack_3,RHYTHM,std1,9,1,0,0.0,44.44,0.0
healthcare,GES,Polynomial degree 3,Attack_4,RHYTHM,top3,9,3,3,100.0,44.44,2.25
healthcare,GES,Polynomial degree 3,Attack_4,RHYTHM,top5,9,5,3,60.0,44.44,1.35
healthcare,GES,Polynomial degree 3,Attack_4,RHYTHM,top10,9,9,4,44.44,44.44,1.0
healthcare,GES,Polynomial degree 3,Attack_4,RHYTHM,std1,9,3,3,100.0,44.44,2.25
healthcare,GES,Polynomial degree 3,Attack_6,RHYTHM,top3,9,3,3,100.0,44.44,2.25
healthcare,GES,Polynomial degree 3,Attack_6,RHYTHM,top5,9,5,3,60.0,44.44,1.35
healthcare,GES,Polynomial degree 3,Attack_6,RHYTHM,top10,9,9,4,44.44,44.44,1.0
healthcare,GES,Polynomial degree 3,Attack_6,RHYTHM,std1,9,3,3,100.0,44.44,2.25
healthcare,GES,Polynomial degree 3,Attack_9,HYP,top3,9,3,1,33.33,44.44,0.75
healthcare,GES,Polynomial degree 3,Attack_9,HYP,top5,9,5,2,40.0,44.44,0.9
healthcare,GES,Polynomial degree 3,Attack_9,HYP,top10,9,9,4,44.44,44.44,1.0
healthcare,GES,Polynomial degree 3,Attack_9,HYP,std1,9,2,1,50.0,44.44,1.12
healthcare,GES,RBF + Ridge,Attack_1,MI,top3,9,3,3,100.0,33.33,3.0
healthcare,GES,RBF + Ridge,Attack_1,MI,top5,9,5,3,60.0,33.33,1.8
healthcare,GES,RBF + Ridge,Attack_1,MI,top10,9,9,3,33.33,33.33,1.0
healthcare,GES,RBF + Ridge,Attack_1,MI,std1,9,3,3,100.0,33.33,3.0
healthcare,GES,RBF + Ridge,Attack_10,CD,top3,9,3,1,33.33,33.33,1.0
healthcare,GES,RBF + Ridge,Attack_10,CD,top5,9,5,3,60.0,33.33,1.8
healthcare,GES,RBF + Ridge,Attack_10,CD,top10,9,9,3,33.33,33.33,1.0
healthcare,GES,RBF + Ridge,Attack_10,CD,std1,9,1,0,0.0,33.33,0.0
healthcare,GES,RBF + Ridge,Attack_11,RHYTHM,top3,9,3,0,0.0,44.44,0.0
healthcare,GES,RBF + Ridge,Attack_11,RHYTHM,top5,9,5,1,20.0,44.44,0.45
healthcare,GES,RBF + Ridge,Attack_11,RHYTHM,top10,9,9,4,44.44,44.44,1.0
healthcare,GES,RBF + Ridge,Attack_11,RHYTHM,std1,9,2,0,0.0,44.44,0.0
healthcare,GES,RBF + Ridge,Attack_12,MI,top3,9,3,0,0.0,33.33,0.0
healthcare,GES,RBF + Ridge,Attack_12,MI,top5,9,5,1,20.0,33.33,0.6
healthcare,GES,RBF + Ridge,Attack_12,MI,top10,9,9,3,33.33,33.33,1.0
healthcare,GES,RBF + Ridge,Attack_12,MI,std1,9,2,0,0.0,33.33,0.0
healthcare,GES,RBF + Ridge,Attack_13,CD,top3,9,3,1,33.33,22.22,1.5
healthcare,GES,RBF + Ridge,Attack_13,CD,top5,9,5,1,20.0,22.22,0.9
healthcare,GES,RBF + Ridge,Attack_13,CD,top10,9,9,2,22.22,22.22,1.0
healthcare,GES,RBF + Ridge,Attack_13,CD,std1,9,1,1,100.0,22.22,4.5
healthcare,GES,RBF + Ridge,Attack_14,CD,top3,9,3,0,0.0,22.22,0.0
healthcare,GES,RBF + Ridge,Attack_14,CD,top5,9,5,1,20.0,22.22,0.9
healthcare,GES,RBF + Ridge,Attack_14,CD,top10,9,9,2,22.22,22.22,1.0
healthcare,GES,RBF + Ridge,Attack_14,CD,std1,9,1,0,0.0,22.22,0.0
healthcare,GES,RBF + Ridge,Attack_17,MI,top3,9,3,0,0.0,33.33,0.0
healthcare,GES,RBF + Ridge,Attack_17,MI,top5,9,5,2,40.0,33.33,1.2
healthcare,GES,RBF + Ridge,Attack_17,MI,top10,9,9,3,33.33,33.33,1.0
healthcare,GES,RBF + Ridge,Attack_17,MI,std1,9,1,0,0.0,33.33,0.0
healthcare,GES,RBF + Ridge,Attack_18,CD,top3,9,3,0,0.0,11.11,0.0
healthcare,GES,RBF + Ridge,Attack_18,CD,top5,9,5,0,0.0,11.11,0.0
healthcare,GES,RBF + Ridge,Attack_18,CD,top10,9,9,1,11.11,11.11,1.0
healthcare,GES,RBF + Ridge,Attack_18,CD,std1,9,2,0,0.0,11.11,0.0
healthcare,GES,RBF + Ridge,Attack_2,RHYTHM,top3,9,3,0,0.0,44.44,0.0
healthcare,GES,RBF + Ridge,Attack_2,RHYTHM,top5,9,5,1,20.0,44.44,0.45
healthcare,GES,RBF + Ridge,Attack_2,RHYTHM,top10,9,9,4,44.44,44.44,1.0
healthcare,GES,RBF + Ridge,Attack_2,RHYTHM,std1,9,1,0,0.0,44.44,0.0
healthcare,GES,RBF + Ridge,Attack_20,MI,top3,9,3,2,66.67,33.33,2.0
healthcare,GES,RBF + Ridge,Attack_20,MI,top5,9,5,3,60.0,33.33,1.8
healthcare,GES,RBF + Ridge,Attack_20,MI,top10,9,9,3,33.33,33.33,1.0
healthcare,GES,RBF + Ridge,Attack_20,MI,std1,9,2,2,100.0,33.33,3.0
healthcare,GES,RBF + Ridge,Attack_3,RHYTHM,top3,9,3,0,0.0,44.44,0.0
healthcare,GES,RBF + Ridge,Attack_3,RHYTHM,top5,9,5,1,20.0,44.44,0.45
healthcare,GES,RBF + Ridge,Attack_3,RHYTHM,top10,9,9,4,44.44,44.44,1.0
healthcare,GES,RBF + Ridge,Attack_3,RHYTHM,std1,9,1,0,0.0,44.44,0.0
healthcare,GES,RBF + Ridge,Attack_4,RHYTHM,top3,9,3,0,0.0,44.44,0.0
healthcare,GES,RBF + Ridge,Attack_4,RHYTHM,top5,9,5,2,40.0,44.44,0.9
healthcare,GES,RBF + Ridge,Attack_4,RHYTHM,top10,9,9,4,44.44,44.44,1.0
healthcare,GES,RBF + Ridge,Attack_4,RHYTHM,std1,9,2,0,0.0,44.44,0.0
healthcare,GES,RBF + Ridge,Attack_6,RHYTHM,top3,9,3,0,0.0,44.44,0.0
healthcare,GES,RBF + Ridge,Attack_6,RHYTHM,top5,9,5,2,40.0,44.44,0.9
healthcare,GES,RBF + Ridge,Attack_6,RHYTHM,top10,9,9,4,44.44,44.44,1.0
healthcare,GES,RBF + Ridge,Attack_6,RHYTHM,std1,9,1,0,0.0,44.44,0.0
healthcare,GES,RBF + Ridge,Attack_9,HYP,top3,9,3,0,0.0,44.44,0.0
healthcare,GES,RBF + Ridge,Attack_9,HYP,top5,9,5,0,0.0,44.44,0.0
healthcare,GES,RBF + Ridge,Attack_9,HYP,top10,9,9,4,44.44,44.44,1.0
healthcare,GES,RBF + Ridge,Attack_9,HYP,std1,9,1,0,0.0,44.44,0.0
industrial,GES,Linear / Ridge,Fault_11,,top3,25,3,1,33.33,4.0,8.33
industrial,GES,Linear / Ridge,Fault_11,,top5,25,5,1,20.0,4.0,5.0
industrial,GES,Linear / Ridge,Fault_11,,top10,25,10,1,10.0,4.0,2.5
industrial,GES,Linear / Ridge,Fault_11,,std1,25,2,1,50.0,4.0,12.5
industrial,GES,Linear / Ridge,Fault_14,,top3,25,3,1,33.33,4.0,8.33
industrial,GES,Linear / Ridge,Fault_14,,top5,25,5,1,20.0,4.0,5.0
industrial,GES,Linear / Ridge,Fault_14,,top10,25,10,1,10.0,4.0,2.5
industrial,GES,Linear / Ridge,Fault_14,,std1,25,3,1,33.33,4.0,8.33
industrial,GES,Linear / Ridge,Fault_4,,top3,25,3,1,33.33,4.0,8.33
industrial,GES,Linear / Ridge,Fault_4,,top5,25,5,1,20.0,4.0,5.0
industrial,GES,Linear / Ridge,Fault_4,,top10,25,10,1,10.0,4.0,2.5
industrial,GES,Linear / Ridge,Fault_4,,std1,25,1,1,100.0,4.0,25.0
industrial,GES,Linear / Ridge,Fault_5,,top3,25,3,0,0.0,0.0,
industrial,GES,Linear / Ridge,Fault_5,,top5,25,5,0,0.0,0.0,
industrial,GES,Linear / Ridge,Fault_5,,top10,25,10,0,0.0,0.0,
industrial,GES,Linear / Ridge,Fault_5,,std1,25,1,0,0.0,0.0,
industrial,GES,Linear / Ridge,Fault_7,,top3,25,3,0,0.0,0.0,
industrial,GES,Linear / Ridge,Fault_7,,top5,25,5,0,0.0,0.0,
industrial,GES,Linear / Ridge,Fault_7,,top10,25,10,0,0.0,0.0,
industrial,GES,Linear / Ridge,Fault_7,,std1,25,3,0,0.0,0.0,
industrial,GES,Polynomial degree 3,Fault_11,,top3,25,3,1,33.33,4.0,8.33
industrial,GES,Polynomial degree 3,Fault_11,,top5,25,5,1,20.0,4.0,5.0
industrial,GES,Polynomial degree 3,Fault_11,,top10,25,10,1,10.0,4.0,2.5
industrial,GES,Polynomial degree 3,Fault_11,,std1,25,2,1,50.0,4.0,12.5
industrial,GES,Polynomial degree 3,Fault_14,,top3,25,3,1,33.33,4.0,8.33
industrial,GES,Polynomial degree 3,Fault_14,,top5,25,5,1,20.0,4.0,5.0
industrial,GES,Polynomial degree 3,Fault_14,,top10,25,10,1,10.0,4.0,2.5
industrial,GES,Polynomial degree 3,Fault_14,,std1,25,2,1,50.0,4.0,12.5
industrial,GES,Polynomial degree 3,Fault_4,,top3,25,3,1,33.33,4.0,8.33
industrial,GES,Polynomial degree 3,Fault_4,,top5,25,5,1,20.0,4.0,5.0
industrial,GES,Polynomial degree 3,Fault_4,,top10,25,10,1,10.0,4.0,2.5
industrial,GES,Polynomial degree 3,Fault_4,,std1,25,1,1,100.0,4.0,25.0
industrial,GES,Polynomial degree 3,Fault_5,,top3,25,3,0,0.0,0.0,
industrial,GES,Polynomial degree 3,Fault_5,,top5,25,5,0,0.0,0.0,
industrial,GES,Polynomial degree 3,Fault_5,,top10,25,10,0,0.0,0.0,
industrial,GES,Polynomial degree 3,Fault_5,,std1,25,4,0,0.0,0.0,
industrial,GES,Polynomial degree 3,Fault_7,,top3,25,3,0,0.0,0.0,
industrial,GES,Polynomial degree 3,Fault_7,,top5,25,5,0,0.0,0.0,
industrial,GES,Polynomial degree 3,Fault_7,,top10,25,10,0,0.0,0.0,
industrial,GES,Polynomial degree 3,Fault_7,,std1,25,5,0,0.0,0.0,
industrial,GES,RBF + Ridge,Fault_11,,top3,25,3,1,33.33,4.0,8.33
industrial,GES,RBF + Ridge,Fault_11,,top5,25,5,1,20.0,4.0,5.0
industrial,GES,RBF + Ridge,Fault_11,,top10,25,10,1,10.0,4.0,2.5
industrial,GES,RBF + Ridge,Fault_11,,std1,25,4,1,25.0,4.0,6.25
industrial,GES,RBF + Ridge,Fault_14,,top3,25,3,1,33.33,4.0,8.33
industrial,GES,RBF + Ridge,Fault_14,,top5,25,5,1,20.0,4.0,5.0
industrial,GES,RBF + Ridge,Fault_14,,top10,25,10,1,10.0,4.0,2.5
industrial,GES,RBF + Ridge,Fault_14,,std1,25,2,1,50.0,4.0,12.5
industrial,GES,RBF + Ridge,Fault_4,,top3,25,3,1,33.33,4.0,8.33
industrial,GES,RBF + Ridge,Fault_4,,top5,25,5,1,20.0,4.0,5.0
industrial,GES,RBF + Ridge,Fault_4,,top10,25,10,1,10.0,4.0,2.5
industrial,GES,RBF + Ridge,Fault_4,,std1,25,1,1,100.0,4.0,25.0
industrial,GES,RBF + Ridge,Fault_5,,top3,25,3,0,0.0,0.0,
industrial,GES,RBF + Ridge,Fault_5,,top5,25,5,0,0.0,0.0,
industrial,GES,RBF + Ridge,Fault_5,,top10,25,10,0,0.0,0.0,
industrial,GES,RBF + Ridge,Fault_5,,std1,25,3,0,0.0,0.0,
industrial,GES,RBF + Ridge,Fault_7,,top3,25,3,0,0.0,0.0,
industrial,GES,RBF + Ridge,Fault_7,,top5,25,5,0,0.0,0.0,
industrial,GES,RBF + Ridge,Fault_7,,top10,25,10,0,0.0,0.0,
industrial,GES,RBF + Ridge,Fault_7,,std1,25,3,0,0.0,0.0,
robotics,GES,Linear / Ridge,JointControl,,top3,32,3,3,100.0,50.0,2.0
robotics,GES,Linear / Ridge,JointControl,,top5,32,5,3,60.0,50.0,1.2
robotics,GES,Linear / Ridge,JointControl,,top10,32,10,5,50.0,50.0,1.0
robotics,GES,Linear / Ridge,JointControl,,std1,32,1,1,100.0,50.0,2.0
robotics,GES,Linear / Ridge,LedsControl,,top3,32,3,2,66.67,6.25,10.67
robotics,GES,Linear / Ridge,LedsControl,,top5,32,5,2,40.0,6.25,6.4
robotics,GES,Linear / Ridge,LedsControl,,top10,32,10,2,20.0,6.25,3.2
robotics,GES,Linear / Ridge,LedsControl,,std1,32,3,2,66.67,6.25,10.67
robotics,GES,Linear / Ridge,WheelsControl,,top3,32,3,1,33.33,9.38,3.56
robotics,GES,Linear / Ridge,WheelsControl,,top5,32,5,1,20.0,9.38,2.13
robotics,GES,Linear / Ridge,WheelsControl,,top10,32,10,1,10.0,9.38,1.07
robotics,GES,Linear / Ridge,WheelsControl,,std1,32,5,1,20.0,9.38,2.13
robotics,GES,Polynomial degree 3,JointControl,,top3,32,3,2,66.67,50.0,1.33
robotics,GES,Polynomial degree 3,JointControl,,top5,32,5,4,80.0,50.0,1.6
robotics,GES,Polynomial degree 3,JointControl,,top10,32,10,8,80.0,50.0,1.6
robotics,GES,Polynomial degree 3,JointControl,,std1,32,3,2,66.67,50.0,1.33
robotics,GES,Polynomial degree 3,LedsControl,,top3,32,3,2,66.67,6.25,10.67
robotics,GES,Polynomial degree 3,LedsControl,,top5,32,5,2,40.0,6.25,6.4
robotics,GES,Polynomial degree 3,LedsControl,,top10,32,10,2,20.0,6.25,3.2
robotics,GES,Polynomial degree 3,LedsControl,,std1,32,2,2,100.0,6.25,16.0
robotics,GES,Polynomial degree 3,WheelsControl,,top3,32,3,0,0.0,9.38,0.0
robotics,GES,Polynomial degree 3,WheelsControl,,top5,32,5,0,0.0,9.38,0.0
robotics,GES,Polynomial degree 3,WheelsControl,,top10,32,10,1,10.0,9.38,1.07
robotics,GES,Polynomial degree 3,WheelsControl,,std1,32,4,0,0.0,9.38,0.0
robotics,GES,RBF + Ridge,JointControl,,top3,32,3,1,33.33,50.0,0.67
robotics,GES,RBF + Ridge,JointControl,,top5,32,5,2,40.0,50.0,0.8
robotics,GES,RBF + Ridge,JointControl,,top10,32,10,4,40.0,50.0,0.8
robotics,GES,RBF + Ridge,JointControl,,std1,32,1,1,100.0,50.0,2.0
robotics,GES,RBF + Ridge,LedsControl,,top3,32,3,2,66.67,6.25,10.67
robotics,GES,RBF + Ridge,LedsControl,,top5,32,5,2,40.0,6.25,6.4
robotics,GES,RBF + Ridge,LedsControl,,top10,32,10,2,20.0,6.25,3.2
robotics,GES,RBF + Ridge,LedsControl,,std1,32,4,2,50.0,6.25,8.0
robotics,GES,RBF + Ridge,WheelsControl,,top3,32,3,0,0.0,9.38,0.0
robotics,GES,RBF + Ridge,WheelsControl,,top5,32,5,1,20.0,9.38,2.13
robotics,GES,RBF + Ridge,WheelsControl,,top10,32,10,2,20.0,9.38,2.13
robotics,GES,RBF + Ridge,WheelsControl,,std1,32,4,1,25.0,9.38,2.67
healthcare,PCMCI,Linear / Ridge,Attack_1,MI,top3,12,3,1,33.33,25.0,1.33
healthcare,PCMCI,Linear / Ridge,Attack_1,MI,top5,12,5,2,40.0,25.0,1.6
healthcare,PCMCI,Linear / Ridge,Attack_1,MI,top10,12,10,3,30.0,25.0,1.2
healthcare,PCMCI,Linear / Ridge,Attack_1,MI,std1,12,4,2,50.0,25.0,2.0
healthcare,PCMCI,Linear / Ridge,Attack_10,CD,top3,12,3,0,0.0,25.0,0.0
healthcare,PCMCI,Linear / Ridge,Attack_10,CD,top5,12,5,1,20.0,25.0,0.8
healthcare,PCMCI,Linear / Ridge,Attack_10,CD,top10,12,10,3,30.0,25.0,1.2
healthcare,PCMCI,Linear / Ridge,Attack_10,CD,std1,12,2,0,0.0,25.0,0.0
healthcare,PCMCI,Linear / Ridge,Attack_11,RHYTHM,top3,12,3,0,0.0,33.33,0.0
healthcare,PCMCI,Linear / Ridge,Attack_11,RHYTHM,top5,12,5,0,0.0,33.33,0.0
healthcare,PCMCI,Linear / Ridge,Attack_11,RHYTHM,top10,12,10,3,30.0,33.33,0.9
healthcare,PCMCI,Linear / Ridge,Attack_11,RHYTHM,std1,12,3,0,0.0,33.33,0.0
healthcare,PCMCI,Linear / Ridge,Attack_12,MI,top3,12,3,0,0.0,25.0,0.0
healthcare,PCMCI,Linear / Ridge,Attack_12,MI,top5,12,5,0,0.0,25.0,0.0
healthcare,PCMCI,Linear / Ridge,Attack_12,MI,top10,12,10,1,10.0,25.0,0.4
healthcare,PCMCI,Linear / Ridge,Attack_12,MI,std1,12,1,0,0.0,25.0,0.0
healthcare,PCMCI,Linear / Ridge,Attack_13,CD,top3,12,3,0,0.0,16.67,0.0
healthcare,PCMCI,Linear / Ridge,Attack_13,CD,top5,12,5,0,0.0,16.67,0.0
healthcare,PCMCI,Linear / Ridge,Attack_13,CD,top10,12,10,1,10.0,16.67,0.6
healthcare,PCMCI,Linear / Ridge,Attack_13,CD,std1,12,1,0,0.0,16.67,0.0
healthcare,PCMCI,Linear / Ridge,Attack_14,CD,top3,12,3,0,0.0,25.0,0.0
healthcare,PCMCI,Linear / Ridge,Attack_14,CD,top5,12,5,0,0.0,25.0,0.0
healthcare,PCMCI,Linear / Ridge,Attack_14,CD,top10,12,10,1,10.0,25.0,0.4
healthcare,PCMCI,Linear / Ridge,Attack_14,CD,std1,12,2,0,0.0,25.0,0.0
healthcare,PCMCI,Linear / Ridge,Attack_17,MI,top3,12,3,1,33.33,33.33,1.0
healthcare,PCMCI,Linear / Ridge,Attack_17,MI,top5,12,5,2,40.0,33.33,1.2
healthcare,PCMCI,Linear / Ridge,Attack_17,MI,top10,12,10,4,40.0,33.33,1.2
healthcare,PCMCI,Linear / Ridge,Attack_17,MI,std1,12,2,1,50.0,33.33,1.5
healthcare,PCMCI,Linear / Ridge,Attack_18,CD,top3,12,3,0,0.0,16.67,0.0
healthcare,PCMCI,Linear / Ridge,Attack_18,CD,top5,12,5,1,20.0,16.67,1.2
healthcare,PCMCI,Linear / Ridge,Attack_18,CD,top10,12,10,2,20.0,16.67,1.2
healthcare,PCMCI,Linear / Ridge,Attack_18,CD,std1,12,3,0,0.0,16.67,0.0
healthcare,PCMCI,Linear / Ridge,Attack_2,RHYTHM,top3,12,3,0,0.0,33.33,0.0
healthcare,PCMCI,Linear / Ridge,Attack_2,RHYTHM,top5,12,5,0,0.0,33.33,0.0
healthcare,PCMCI,Linear / Ridge,Attack_2,RHYTHM,top10,12,10,2,20.0,33.33,0.6
healthcare,PCMCI,Linear / Ridge,Attack_2,RHYTHM,std1,12,2,0,0.0,33.33,0.0
healthcare,PCMCI,Linear / Ridge,Attack_20,MI,top3,12,3,0,0.0,33.33,0.0
healthcare,PCMCI,Linear / Ridge,Attack_20,MI,top5,12,5,1,20.0,33.33,0.6
healthcare,PCMCI,Linear / Ridge,Attack_20,MI,top10,12,10,3,30.0,33.33,0.9
healthcare,PCMCI,Linear / Ridge,Attack_20,MI,std1,12,2,0,0.0,33.33,0.0
healthcare,PCMCI,Linear / Ridge,Attack_3,RHYTHM,top3,12,3,0,0.0,33.33,0.0
healthcare,PCMCI,Linear / Ridge,Attack_3,RHYTHM,top5,12,5,0,0.0,33.33,0.0
healthcare,PCMCI,Linear / Ridge,Attack_3,RHYTHM,top10,12,10,2,20.0,33.33,0.6
healthcare,PCMCI,Linear / Ridge,Attack_3,RHYTHM,std1,12,2,0,0.0,33.33,0.0
healthcare,PCMCI,Linear / Ridge,Attack_4,RHYTHM,top3,12,3,0,0.0,33.33,0.0
healthcare,PCMCI,Linear / Ridge,Attack_4,RHYTHM,top5,12,5,0,0.0,33.33,0.0
healthcare,PCMCI,Linear / Ridge,Attack_4,RHYTHM,top10,12,10,3,30.0,33.33,0.9
healthcare,PCMCI,Linear / Ridge,Attack_4,RHYTHM,std1,12,2,0,0.0,33.33,0.0
healthcare,PCMCI,Linear / Ridge,Attack_6,RHYTHM,top3,12,3,0,0.0,33.33,0.0
healthcare,PCMCI,Linear / Ridge,Attack_6,RHYTHM,top5,12,5,0,0.0,33.33,0.0
healthcare,PCMCI,Linear / Ridge,Attack_6,RHYTHM,top10,12,10,3,30.0,33.33,0.9
healthcare,PCMCI,Linear / Ridge,Attack_6,RHYTHM,std1,12,2,0,0.0,33.33,0.0
healthcare,PCMCI,Linear / Ridge,Attack_9,HYP,top3,12,3,2,66.67,41.67,1.6
healthcare,PCMCI,Linear / Ridge,Attack_9,HYP,top5,12,5,2,40.0,41.67,0.96
healthcare,PCMCI,Linear / Ridge,Attack_9,HYP,top10,12,10,3,30.0,41.67,0.72
healthcare,PCMCI,Linear / Ridge,Attack_9,HYP,std1,12,3,2,66.67,41.67,1.6
healthcare,PCMCI,Polynomial degree 3,Attack_1,MI,top3,12,3,2,66.67,25.0,2.67
healthcare,PCMCI,Polynomial degree 3,Attack_1,MI,top5,12,5,2,40.0,25.0,1.6
healthcare,PCMCI,Polynomial degree 3,Attack_1,MI,top10,12,10,3,30.0,25.0,1.2
healthcare,PCMCI,Polynomial degree 3,Attack_1,MI,std1,12,2,2,100.0,25.0,4.0
healthcare,PCMCI,Polynomial degree 3,Attack_10,CD,top3,12,3,1,33.33,25.0,1.33
healthcare,PCMCI,Polynomial degree 3,Attack_10,CD,top5,12,5,2,40.0,25.0,1.6
healthcare,PCMCI,Polynomial degree 3,Attack_10,CD,top10,12,10,3,30.0,25.0,1.2
healthcare,PCMCI,Polynomial degree 3,Attack_10,CD,std1,12,2,1,50.0,25.0,2.0
healthcare,PCMCI,Polynomial degree 3,Attack_11,RHYTHM,top3,12,3,0,0.0,33.33,0.0
healthcare,PCMCI,Polynomial degree 3,Attack_11,RHYTHM,top5,12,5,1,20.0,33.33,0.6
healthcare,PCMCI,Polynomial degree 3,Attack_11,RHYTHM,top10,12,10,3,30.0,33.33,0.9
healthcare,PCMCI,Polynomial degree 3,Attack_11,RHYTHM,std1,12,2,0,0.0,33.33,0.0
healthcare,PCMCI,Polynomial degree 3,Attack_12,MI,top3,12,3,0,0.0,25.0,0.0
healthcare,PCMCI,Polynomial degree 3,Attack_12,MI,top5,12,5,0,0.0,25.0,0.0
healthcare,PCMCI,Polynomial degree 3,Attack_12,MI,top10,12,10,2,20.0,25.0,0.8
healthcare,PCMCI,Polynomial degree 3,Attack_12,MI,std1,12,2,0,0.0,25.0,0.0
healthcare,PCMCI,Polynomial degree 3,Attack_13,CD,top3,12,3,0,0.0,16.67,0.0
healthcare,PCMCI,Polynomial degree 3,Attack_13,CD,top5,12,5,1,20.0,16.67,1.2
healthcare,PCMCI,Polynomial degree 3,Attack_13,CD,top10,12,10,1,10.0,16.67,0.6
healthcare,PCMCI,Polynomial degree 3,Attack_13,CD,std1,12,3,0,0.0,16.67,0.0
healthcare,PCMCI,Polynomial degree 3,Attack_14,CD,top3,12,3,1,33.33,25.0,1.33
healthcare,PCMCI,Polynomial degree 3,Attack_14,CD,top5,12,5,1,20.0,25.0,0.8
healthcare,PCMCI,Polynomial degree 3,Attack_14,CD,top10,12,10,2,20.0,25.0,0.8
healthcare,PCMCI,Polynomial degree 3,Attack_14,CD,std1,12,2,0,0.0,25.0,0.0
healthcare,PCMCI,Polynomial degree 3,Attack_17,MI,top3,12,3,2,66.67,33.33,2.0
healthcare,PCMCI,Polynomial degree 3,Attack_17,MI,top5,12,5,2,40.0,33.33,1.2
healthcare,PCMCI,Polynomial degree 3,Attack_17,MI,top10,12,10,4,40.0,33.33,1.2
healthcare,PCMCI,Polynomial degree 3,Attack_17,MI,std1,12,1,1,100.0,33.33,3.0
healthcare,PCMCI,Polynomial degree 3,Attack_18,CD,top3,12,3,1,33.33,16.67,2.0
healthcare,PCMCI,Polynomial degree 3,Attack_18,CD,top5,12,5,1,20.0,16.67,1.2
healthcare,PCMCI,Polynomial degree 3,Attack_18,CD,top10,12,10,1,10.0,16.67,0.6
healthcare,PCMCI,Polynomial degree 3,Attack_18,CD,std1,12,2,0,0.0,16.67,0.0
healthcare,PCMCI,Polynomial degree 3,Attack_2,RHYTHM,top3,12,3,0,0.0,33.33,0.0
healthcare,PCMCI,Polynomial degree 3,Attack_2,RHYTHM,top5,12,5,0,0.0,33.33,0.0
healthcare,PCMCI,Polynomial degree 3,Attack_2,RHYTHM,top10,12,10,3,30.0,33.33,0.9
healthcare,PCMCI,Polynomial degree 3,Attack_2,RHYTHM,std1,12,1,0,0.0,33.33,0.0
healthcare,PCMCI,Polynomial degree 3,Attack_20,MI,top3,12,3,1,33.33,33.33,1.0
healthcare,PCMCI,Polynomial degree 3,Attack_20,MI,top5,12,5,2,40.0,33.33,1.2
healthcare,PCMCI,Polynomial degree 3,Attack_20,MI,top10,12,10,3,30.0,33.33,0.9
healthcare,PCMCI,Polynomial degree 3,Attack_20,MI,std1,12,2,0,0.0,33.33,0.0
healthcare,PCMCI,Polynomial degree 3,Attack_3,RHYTHM,top3,12,3,0,0.0,33.33,0.0
healthcare,PCMCI,Polynomial degree 3,Attack_3,RHYTHM,top5,12,5,0,0.0,33.33,0.0
healthcare,PCMCI,Polynomial degree 3,Attack_3,RHYTHM,top10,12,10,3,30.0,33.33,0.9
healthcare,PCMCI,Polynomial degree 3,Attack_3,RHYTHM,std1,12,3,0,0.0,33.33,0.0
healthcare,PCMCI,Polynomial degree 3,Attack_4,RHYTHM,top3,12,3,2,66.67,33.33,2.0
healthcare,PCMCI,Polynomial degree 3,Attack_4,RHYTHM,top5,12,5,2,40.0,33.33,1.2
healthcare,PCMCI,Polynomial degree 3,Attack_4,RHYTHM,top10,12,10,2,20.0,33.33,0.6
healthcare,PCMCI,Polynomial degree 3,Attack_4,RHYTHM,std1,12,1,1,100.0,33.33,3.0
healthcare,PCMCI,Polynomial degree 3,Attack_6,RHYTHM,top3,12,3,0,0.0,33.33,0.0
healthcare,PCMCI,Polynomial degree 3,Attack_6,RHYTHM,top5,12,5,1,20.0,33.33,0.6
healthcare,PCMCI,Polynomial degree 3,Attack_6,RHYTHM,top10,12,10,2,20.0,33.33,0.6
healthcare,PCMCI,Polynomial degree 3,Attack_6,RHYTHM,std1,12,1,0,0.0,33.33,0.0
healthcare,PCMCI,Polynomial degree 3,Attack_9,HYP,top3,12,3,0,0.0,41.67,0.0
healthcare,PCMCI,Polynomial degree 3,Attack_9,HYP,top5,12,5,0,0.0,41.67,0.0
healthcare,PCMCI,Polynomial degree 3,Attack_9,HYP,top10,12,10,3,30.0,41.67,0.72
healthcare,PCMCI,Polynomial degree 3,Attack_9,HYP,std1,12,2,0,0.0,41.67,0.0
healthcare,PCMCI,RBF + Ridge,Attack_1,MI,top3,12,3,2,66.67,25.0,2.67
healthcare,PCMCI,RBF + Ridge,Attack_1,MI,top5,12,5,3,60.0,25.0,2.4
healthcare,PCMCI,RBF + Ridge,Attack_1,MI,top10,12,10,3,30.0,25.0,1.2
healthcare,PCMCI,RBF + Ridge,Attack_1,MI,std1,12,2,2,100.0,25.0,4.0
healthcare,PCMCI,RBF + Ridge,Attack_10,CD,top3,12,3,0,0.0,25.0,0.0
healthcare,PCMCI,RBF + Ridge,Attack_10,CD,top5,12,5,2,40.0,25.0,1.6
healthcare,PCMCI,RBF + Ridge,Attack_10,CD,top10,12,10,3,30.0,25.0,1.2
healthcare,PCMCI,RBF + Ridge,Attack_10,CD,std1,12,2,0,0.0,25.0,0.0
healthcare,PCMCI,RBF + Ridge,Attack_11,RHYTHM,top3,12,3,0,0.0,33.33,0.0
healthcare,PCMCI,RBF + Ridge,Attack_11,RHYTHM,top5,12,5,1,20.0,33.33,0.6
healthcare,PCMCI,RBF + Ridge,Attack_11,RHYTHM,top10,12,10,4,40.0,33.33,1.2
healthcare,PCMCI,RBF + Ridge,Attack_11,RHYTHM,std1,12,3,0,0.0,33.33,0.0
healthcare,PCMCI,RBF + Ridge,Attack_12,MI,top3,12,3,0,0.0,25.0,0.0
healthcare,PCMCI,RBF + Ridge,Attack_12,MI,top5,12,5,0,0.0,25.0,0.0
healthcare,PCMCI,RBF + Ridge,Attack_12,MI,top10,12,10,2,20.0,25.0,0.8
healthcare,PCMCI,RBF + Ridge,Attack_12,MI,std1,12,3,0,0.0,25.0,0.0
healthcare,PCMCI,RBF + Ridge,Attack_13,CD,top3,12,3,0,0.0,16.67,0.0
healthcare,PCMCI,RBF + Ridge,Attack_13,CD,top5,12,5,1,20.0,16.67,1.2
healthcare,PCMCI,RBF + Ridge,Attack_13,CD,top10,12,10,1,10.0,16.67,0.6
healthcare,PCMCI,RBF + Ridge,Attack_13,CD,std1,12,1,0,0.0,16.67,0.0
healthcare,PCMCI,RBF + Ridge,Attack_14,CD,top3,12,3,0,0.0,25.0,0.0
healthcare,PCMCI,RBF + Ridge,Attack_14,CD,top5,12,5,0,0.0,25.0,0.0
healthcare,PCMCI,RBF + Ridge,Attack_14,CD,top10,12,10,2,20.0,25.0,0.8
healthcare,PCMCI,RBF + Ridge,Attack_14,CD,std1,12,2,0,0.0,25.0,0.0
healthcare,PCMCI,RBF + Ridge,Attack_17,MI,top3,12,3,2,66.67,33.33,2.0
healthcare,PCMCI,RBF + Ridge,Attack_17,MI,top5,12,5,3,60.0,33.33,1.8
healthcare,PCMCI,RBF + Ridge,Attack_17,MI,top10,12,10,3,30.0,33.33,0.9
healthcare,PCMCI,RBF + Ridge,Attack_17,MI,std1,12,3,2,66.67,33.33,2.0
healthcare,PCMCI,RBF + Ridge,Attack_18,CD,top3,12,3,0,0.0,16.67,0.0
healthcare,PCMCI,RBF + Ridge,Attack_18,CD,top5,12,5,0,0.0,16.67,0.0
healthcare,PCMCI,RBF + Ridge,Attack_18,CD,top10,12,10,1,10.0,16.67,0.6
healthcare,PCMCI,RBF + Ridge,Attack_18,CD,std1,12,3,0,0.0,16.67,0.0
healthcare,PCMCI,RBF + Ridge,Attack_2,RHYTHM,top3,12,3,0,0.0,33.33,0.0
healthcare,PCMCI,RBF + Ridge,Attack_2,RHYTHM,top5,12,5,0,0.0,33.33,0.0
healthcare,PCMCI,RBF + Ridge,Attack_2,RHYTHM,top10,12,10,2,20.0,33.33,0.6
healthcare,PCMCI,RBF + Ridge,Attack_2,RHYTHM,std1,12,1,0,0.0,33.33,0.0
healthcare,PCMCI,RBF + Ridge,Attack_20,MI,top3,12,3,0,0.0,33.33,0.0
healthcare,PCMCI,RBF + Ridge,Attack_20,MI,top5,12,5,1,20.0,33.33,0.6
healthcare,PCMCI,RBF + Ridge,Attack_20,MI,top10,12,10,4,40.0,33.33,1.2
healthcare,PCMCI,RBF + Ridge,Attack_20,MI,std1,12,2,0,0.0,33.33,0.0
healthcare,PCMCI,RBF + Ridge,Attack_3,RHYTHM,top3,12,3,0,0.0,33.33,0.0
healthcare,PCMCI,RBF + Ridge,Attack_3,RHYTHM,top5,12,5,0,0.0,33.33,0.0
healthcare,PCMCI,RBF + Ridge,Attack_3,RHYTHM,top10,12,10,3,30.0,33.33,0.9
healthcare,PCMCI,RBF + Ridge,Attack_3,RHYTHM,std1,12,2,0,0.0,33.33,0.0
healthcare,PCMCI,RBF + Ridge,Attack_4,RHYTHM,top3,12,3,0,0.0,33.33,0.0
healthcare,PCMCI,RBF + Ridge,Attack_4,RHYTHM,top5,12,5,1,20.0,33.33,0.6
healthcare,PCMCI,RBF + Ridge,Attack_4,RHYTHM,top10,12,10,3,30.0,33.33,0.9
healthcare,PCMCI,RBF + Ridge,Attack_4,RHYTHM,std1,12,2,0,0.0,33.33,0.0
healthcare,PCMCI,RBF + Ridge,Attack_6,RHYTHM,top3,12,3,0,0.0,33.33,0.0
healthcare,PCMCI,RBF + Ridge,Attack_6,RHYTHM,top5,12,5,0,0.0,33.33,0.0
healthcare,PCMCI,RBF + Ridge,Attack_6,RHYTHM,top10,12,10,3,30.0,33.33,0.9
healthcare,PCMCI,RBF + Ridge,Attack_6,RHYTHM,std1,12,2,0,0.0,33.33,0.0
healthcare,PCMCI,RBF + Ridge,Attack_9,HYP,top3,12,3,2,66.67,41.67,1.6
healthcare,PCMCI,RBF + Ridge,Attack_9,HYP,top5,12,5,2,40.0,41.67,0.96
healthcare,PCMCI,RBF + Ridge,Attack_9,HYP,top10,12,10,3,30.0,41.67,0.72
healthcare,PCMCI,RBF + Ridge,Attack_9,HYP,std1,12,3,2,66.67,41.67,1.6
industrial,PCMCI,Linear / Ridge,Fault_11,,top3,52,3,1,33.33,1.92,17.33
industrial,PCMCI,Linear / Ridge,Fault_11,,top5,52,5,1,20.0,1.92,10.4
industrial,PCMCI,Linear / Ridge,Fault_11,,top10,52,10,1,10.0,1.92,5.2
industrial,PCMCI,Linear / Ridge,Fault_11,,std1,52,5,1,20.0,1.92,10.4
industrial,PCMCI,Linear / Ridge,Fault_14,,top3,52,3,0,0.0,1.92,0.0
industrial,PCMCI,Linear / Ridge,Fault_14,,top5,52,5,0,0.0,1.92,0.0
industrial,PCMCI,Linear / Ridge,Fault_14,,top10,52,10,1,10.0,1.92,5.2
industrial,PCMCI,Linear / Ridge,Fault_14,,std1,52,3,0,0.0,1.92,0.0
industrial,PCMCI,Linear / Ridge,Fault_4,,top3,52,3,1,33.33,1.92,17.33
industrial,PCMCI,Linear / Ridge,Fault_4,,top5,52,5,1,20.0,1.92,10.4
industrial,PCMCI,Linear / Ridge,Fault_4,,top10,52,10,1,10.0,1.92,5.2
industrial,PCMCI,Linear / Ridge,Fault_4,,std1,52,1,1,100.0,1.92,52.0
industrial,PCMCI,Linear / Ridge,Fault_5,,top3,52,3,1,33.33,1.92,17.33
industrial,PCMCI,Linear / Ridge,Fault_5,,top5,52,5,1,20.0,1.92,10.4
industrial,PCMCI,Linear / Ridge,Fault_5,,top10,52,10,1,10.0,1.92,5.2
industrial,PCMCI,Linear / Ridge,Fault_5,,std1,52,3,1,33.33,1.92,17.33
industrial,PCMCI,Linear / Ridge,Fault_7,,top3,52,3,1,33.33,1.92,17.33
industrial,PCMCI,Linear / Ridge,Fault_7,,top5,52,5,1,20.0,1.92,10.4
industrial,PCMCI,Linear / Ridge,Fault_7,,top10,52,10,1,10.0,1.92,5.2
industrial,PCMCI,Linear / Ridge,Fault_7,,std1,52,3,1,33.33,1.92,17.33
industrial,PCMCI,Polynomial degree 3,Fault_11,,top3,52,3,1,33.33,1.92,17.33
industrial,PCMCI,Polynomial degree 3,Fault_11,,top5,52,5,1,20.0,1.92,10.4
industrial,PCMCI,Polynomial degree 3,Fault_11,,top10,52,10,1,10.0,1.92,5.2
industrial,PCMCI,Polynomial degree 3,Fault_11,,std1,52,5,1,20.0,1.92,10.4
industrial,PCMCI,Polynomial degree 3,Fault_14,,top3,52,3,0,0.0,1.92,0.0
industrial,PCMCI,Polynomial degree 3,Fault_14,,top5,52,5,0,0.0,1.92,0.0
industrial,PCMCI,Polynomial degree 3,Fault_14,,top10,52,10,1,10.0,1.92,5.2
industrial,PCMCI,Polynomial degree 3,Fault_14,,std1,52,2,0,0.0,1.92,0.0
industrial,PCMCI,Polynomial degree 3,Fault_4,,top3,52,3,1,33.33,1.92,17.33
industrial,PCMCI,Polynomial degree 3,Fault_4,,top5,52,5,1,20.0,1.92,10.4
industrial,PCMCI,Polynomial degree 3,Fault_4,,top10,52,10,1,10.0,1.92,5.2
industrial,PCMCI,Polynomial degree 3,Fault_4,,std1,52,2,1,50.0,1.92,26.0
industrial,PCMCI,Polynomial degree 3,Fault_5,,top3,52,3,1,33.33,1.92,17.33
industrial,PCMCI,Polynomial degree 3,Fault_5,,top5,52,5,1,20.0,1.92,10.4
industrial,PCMCI,Polynomial degree 3,Fault_5,,top10,52,10,1,10.0,1.92,5.2
industrial,PCMCI,Polynomial degree 3,Fault_5,,std1,52,3,1,33.33,1.92,17.33
industrial,PCMCI,Polynomial degree 3,Fault_7,,top3,52,3,1,33.33,1.92,17.33
industrial,PCMCI,Polynomial degree 3,Fault_7,,top5,52,5,1,20.0,1.92,10.4
industrial,PCMCI,Polynomial degree 3,Fault_7,,top10,52,10,1,10.0,1.92,5.2
industrial,PCMCI,Polynomial degree 3,Fault_7,,std1,52,2,1,50.0,1.92,26.0
industrial,PCMCI,RBF + Ridge,Fault_11,,top3,52,3,1,33.33,1.92,17.33
industrial,PCMCI,RBF + Ridge,Fault_11,,top5,52,5,1,20.0,1.92,10.4
industrial,PCMCI,RBF + Ridge,Fault_11,,top10,52,10,1,10.0,1.92,5.2
industrial,PCMCI,RBF + Ridge,Fault_11,,std1,52,5,1,20.0,1.92,10.4
industrial,PCMCI,RBF + Ridge,Fault_14,,top3,52,3,1,33.33,1.92,17.33
industrial,PCMCI,RBF + Ridge,Fault_14,,top5,52,5,1,20.0,1.92,10.4
industrial,PCMCI,RBF + Ridge,Fault_14,,top10,52,10,1,10.0,1.92,5.2
industrial,PCMCI,RBF + Ridge,Fault_14,,std1,52,2,1,50.0,1.92,26.0
industrial,PCMCI,RBF + Ridge,Fault_4,,top3,52,3,1,33.33,1.92,17.33
industrial,PCMCI,RBF + Ridge,Fault_4,,top5,52,5,1,20.0,1.92,10.4
industrial,PCMCI,RBF + Ridge,Fault_4,,top10,52,10,1,10.0,1.92,5.2
industrial,PCMCI,RBF + Ridge,Fault_4,,std1,52,9,1,11.11,1.92,5.78
industrial,PCMCI,RBF + Ridge,Fault_5,,top3,52,3,0,0.0,1.92,0.0
industrial,PCMCI,RBF + Ridge,Fault_5,,top5,52,5,0,0.0,1.92,0.0
industrial,PCMCI,RBF + Ridge,Fault_5,,top10,52,10,0,0.0,1.92,0.0
industrial,PCMCI,RBF + Ridge,Fault_5,,std1,52,8,0,0.0,1.92,0.0
industrial,PCMCI,RBF + Ridge,Fault_7,,top3,52,3,0,0.0,1.92,0.0
industrial,PCMCI,RBF + Ridge,Fault_7,,top5,52,5,0,0.0,1.92,0.0
industrial,PCMCI,RBF + Ridge,Fault_7,,top10,52,10,0,0.0,1.92,0.0
industrial,PCMCI,RBF + Ridge,Fault_7,,std1,52,8,0,0.0,1.92,0.0
robotics,PCMCI,Linear / Ridge,JointControl,,top3,244,3,3,100.0,18.03,5.55
robotics,PCMCI,Linear / Ridge,JointControl,,top5,244,5,4,80.0,18.03,4.44
robotics,PCMCI,Linear / Ridge,JointControl,,top10,244,10,8,80.0,18.03,4.44
robotics,PCMCI,Linear / Ridge,JointControl,,std1,244,23,12,52.17,18.03,2.89
robotics,PCMCI,Linear / Ridge,LedsControl,,top3,244,3,2,66.67,29.1,2.29
robotics,PCMCI,Linear / Ridge,LedsControl,,top5,244,5,2,40.0,29.1,1.37
robotics,PCMCI,Linear / Ridge,LedsControl,,top10,244,10,2,20.0,29.1,0.69
robotics,PCMCI,Linear / Ridge,LedsControl,,std1,244,2,2,100.0,29.1,3.44
robotics,PCMCI,Linear / Ridge,WheelsControl,,top3,244,3,1,33.33,3.69,9.04
robotics,PCMCI,Linear / Ridge,WheelsControl,,top5,244,5,1,20.0,3.69,5.42
robotics,PCMCI,Linear / Ridge,WheelsControl,,top10,244,10,2,20.0,3.69,5.42
robotics,PCMCI,Linear / Ridge,WheelsControl,,std1,244,39,4,10.26,3.69,2.78
robotics,PCMCI,Polynomial degree 3,JointControl,,top3,244,3,1,33.33,18.03,1.85
robotics,PCMCI,Polynomial degree 3,JointControl,,top5,244,5,3,60.0,18.03,3.33
robotics,PCMCI,Polynomial degree 3,JointControl,,top10,244,10,8,80.0,18.03,4.44
robotics,PCMCI,Polynomial degree 3,JointControl,,std1,244,13,10,76.92,18.03,4.27
robotics,PCMCI,Polynomial degree 3,LedsControl,,top3,244,3,2,66.67,29.1,2.29
robotics,PCMCI,Polynomial degree 3,LedsControl,,top5,244,5,2,40.0,29.1,1.37
robotics,PCMCI,Polynomial degree 3,LedsControl,,top10,244,10,2,20.0,29.1,0.69
robotics,PCMCI,Polynomial degree 3,LedsControl,,std1,244,2,2,100.0,29.1,3.44
robotics,PCMCI,Polynomial degree 3,WheelsControl,,top3,244,3,2,66.67,3.69,18.07
robotics,PCMCI,Polynomial degree 3,WheelsControl,,top5,244,5,3,60.0,3.69,16.27
robotics,PCMCI,Polynomial degree 3,WheelsControl,,top10,244,10,3,30.0,3.69,8.13
robotics,PCMCI,Polynomial degree 3,WheelsControl,,std1,244,32,4,12.5,3.69,3.39
robotics,PCMCI,RBF + Ridge,JointControl,,top3,244,3,3,100.0,18.03,5.55
robotics,PCMCI,RBF + Ridge,JointControl,,top5,244,5,5,100.0,18.03,5.55
robotics,PCMCI,RBF + Ridge,JointControl,,top10,244,10,9,90.0,18.03,4.99
robotics,PCMCI,RBF + Ridge,JointControl,,std1,244,15,10,66.67,18.03,3.7
robotics,PCMCI,RBF + Ridge,LedsControl,,top3,244,3,2,66.67,29.1,2.29
robotics,PCMCI,RBF + Ridge,LedsControl,,top5,244,5,2,40.0,29.1,1.37
robotics,PCMCI,RBF + Ridge,LedsControl,,top10,244,10,2,20.0,29.1,0.69
robotics,PCMCI,RBF + Ridge,LedsControl,,std1,244,6,2,33.33,29.1,1.15
robotics,PCMCI,RBF + Ridge,WheelsControl,,top3,244,3,3,100.0,3.69,27.11
robotics,PCMCI,RBF + Ridge,WheelsControl,,top5,244,5,4,80.0,3.69,21.69
robotics,PCMCI,RBF + Ridge,WheelsControl,,top10,244,10,5,50.0,3.69,13.56
robotics,PCMCI,RBF + Ridge,WheelsControl,,std1,244,18,5,27.78,3.69,7.53
healthcare,SHAP,LSTM Autoencoder,Attack_1,MI,top3,12,3,2,66.67,25.0,2.67
healthcare,SHAP,LSTM Autoencoder,Attack_1,MI,top5,12,5,2,40.0,25.0,1.6
healthcare,SHAP,LSTM Autoencoder,Attack_1,MI,top10,12,10,3,30.0,25.0,1.2
healthcare,SHAP,LSTM Autoencoder,Attack_1,MI,std1,12,2,1,50.0,25.0,2.0
healthcare,SHAP,LSTM Autoencoder,Attack_10,CD,top3,12,3,0,0.0,25.0,0.0
healthcare,SHAP,LSTM Autoencoder,Attack_10,CD,top5,12,5,2,40.0,25.0,1.6
healthcare,SHAP,LSTM Autoencoder,Attack_10,CD,top10,12,10,3,30.0,25.0,1.2
healthcare,SHAP,LSTM Autoencoder,Attack_10,CD,std1,12,3,0,0.0,25.0,0.0
healthcare,SHAP,LSTM Autoencoder,Attack_11,RHYTHM,top3,12,3,0,0.0,33.33,0.0
healthcare,SHAP,LSTM Autoencoder,Attack_11,RHYTHM,top5,12,5,0,0.0,33.33,0.0
healthcare,SHAP,LSTM Autoencoder,Attack_11,RHYTHM,top10,12,10,2,20.0,33.33,0.6
healthcare,SHAP,LSTM Autoencoder,Attack_11,RHYTHM,std1,12,2,0,0.0,33.33,0.0
healthcare,SHAP,LSTM Autoencoder,Attack_12,MI,top3,12,3,0,0.0,25.0,0.0
healthcare,SHAP,LSTM Autoencoder,Attack_12,MI,top5,12,5,0,0.0,25.0,0.0
healthcare,SHAP,LSTM Autoencoder,Attack_12,MI,top10,12,10,1,10.0,25.0,0.4
healthcare,SHAP,LSTM Autoencoder,Attack_12,MI,std1,12,3,0,0.0,25.0,0.0
healthcare,SHAP,LSTM Autoencoder,Attack_13,CD,top3,12,3,0,0.0,16.67,0.0
healthcare,SHAP,LSTM Autoencoder,Attack_13,CD,top5,12,5,1,20.0,16.67,1.2
healthcare,SHAP,LSTM Autoencoder,Attack_13,CD,top10,12,10,2,20.0,16.67,1.2
healthcare,SHAP,LSTM Autoencoder,Attack_13,CD,std1,12,3,0,0.0,16.67,0.0
healthcare,SHAP,LSTM Autoencoder,Attack_14,CD,top3,12,3,0,0.0,25.0,0.0
healthcare,SHAP,LSTM Autoencoder,Attack_14,CD,top5,12,5,0,0.0,25.0,0.0
healthcare,SHAP,LSTM Autoencoder,Attack_14,CD,top10,12,10,2,20.0,25.0,0.8
healthcare,SHAP,LSTM Autoencoder,Attack_14,CD,std1,12,3,0,0.0,25.0,0.0
healthcare,SHAP,LSTM Autoencoder,Attack_17,MI,top3,12,3,2,66.67,33.33,2.0
healthcare,SHAP,LSTM Autoencoder,Attack_17,MI,top5,12,5,2,40.0,33.33,1.2
healthcare,SHAP,LSTM Autoencoder,Attack_17,MI,top10,12,10,4,40.0,33.33,1.2
healthcare,SHAP,LSTM Autoencoder,Attack_17,MI,std1,12,2,1,50.0,33.33,1.5
healthcare,SHAP,LSTM Autoencoder,Attack_18,CD,top3,12,3,0,0.0,16.67,0.0
healthcare,SHAP,LSTM Autoencoder,Attack_18,CD,top5,12,5,1,20.0,16.67,1.2
healthcare,SHAP,LSTM Autoencoder,Attack_18,CD,top10,12,10,1,10.0,16.67,0.6
healthcare,SHAP,LSTM Autoencoder,Attack_18,CD,std1,12,2,0,0.0,16.67,0.0
healthcare,SHAP,LSTM Autoencoder,Attack_2,RHYTHM,top3,12,3,0,0.0,33.33,0.0
healthcare,SHAP,LSTM Autoencoder,Attack_2,RHYTHM,top5,12,5,0,0.0,33.33,0.0
healthcare,SHAP,LSTM Autoencoder,Attack_2,RHYTHM,top10,12,10,2,20.0,33.33,0.6
healthcare,SHAP,LSTM Autoencoder,Attack_2,RHYTHM,std1,12,1,0,0.0,33.33,0.0
healthcare,SHAP,LSTM Autoencoder,Attack_20,MI,top3,12,3,1,33.33,33.33,1.0
healthcare,SHAP,LSTM Autoencoder,Attack_20,MI,top5,12,5,2,40.0,33.33,1.2
healthcare,SHAP,LSTM Autoencoder,Attack_20,MI,top10,12,10,3,30.0,33.33,0.9
healthcare,SHAP,LSTM Autoencoder,Attack_20,MI,std1,12,2,0,0.0,33.33,0.0
healthcare,SHAP,LSTM Autoencoder,Attack_3,RHYTHM,top3,12,3,0,0.0,33.33,0.0
healthcare,SHAP,LSTM Autoencoder,Attack_3,RHYTHM,top5,12,5,0,0.0,33.33,0.0
healthcare,SHAP,LSTM Autoencoder,Attack_3,RHYTHM,top10,12,10,2,20.0,33.33,0.6
healthcare,SHAP,LSTM Autoencoder,Attack_3,RHYTHM,std1,12,2,0,0.0,33.33,0.0
healthcare,SHAP,LSTM Autoencoder,Attack_4,RHYTHM,top3,12,3,0,0.0,33.33,0.0
healthcare,SHAP,LSTM Autoencoder,Attack_4,RHYTHM,top5,12,5,0,0.0,33.33,0.0
healthcare,SHAP,LSTM Autoencoder,Attack_4,RHYTHM,top10,12,10,2,20.0,33.33,0.6
healthcare,SHAP,LSTM Autoencoder,Attack_4,RHYTHM,std1,12,2,0,0.0,33.33,0.0
healthcare,SHAP,LSTM Autoencoder,Attack_6,RHYTHM,top3,12,3,0,0.0,33.33,0.0
healthcare,SHAP,LSTM Autoencoder,Attack_6,RHYTHM,top5,12,5,0,0.0,33.33,0.0
healthcare,SHAP,LSTM Autoencoder,Attack_6,RHYTHM,top10,12,10,3,30.0,33.33,0.9
healthcare,SHAP,LSTM Autoencoder,Attack_6,RHYTHM,std1,12,1,0,0.0,33.33,0.0
healthcare,SHAP,LSTM Autoencoder,Attack_9,HYP,top3,12,3,1,33.33,41.67,0.8
healthcare,SHAP,LSTM Autoencoder,Attack_9,HYP,top5,12,5,2,40.0,41.67,0.96
healthcare,SHAP,LSTM Autoencoder,Attack_9,HYP,top10,12,10,4,40.0,41.67,0.96
healthcare,SHAP,LSTM Autoencoder,Attack_9,HYP,std1,12,1,0,0.0,41.67,0.0
healthcare,SHAP,TCN Autoencoder,Attack_1,MI,top3,12,3,2,66.67,25.0,2.67
healthcare,SHAP,TCN Autoencoder,Attack_1,MI,top5,12,5,3,60.0,25.0,2.4
healthcare,SHAP,TCN Autoencoder,Attack_1,MI,top10,12,10,3,30.0,25.0,1.2
healthcare,SHAP,TCN Autoencoder,Attack_1,MI,std1,12,2,2,100.0,25.0,4.0
healthcare,SHAP,TCN Autoencoder,Attack_10,CD,top3,12,3,2,66.67,25.0,2.67
healthcare,SHAP,TCN Autoencoder,Attack_10,CD,top5,12,5,3,60.0,25.0,2.4
healthcare,SHAP,TCN Autoencoder,Attack_10,CD,top10,12,10,3,30.0,25.0,1.2
healthcare,SHAP,TCN Autoencoder,Attack_10,CD,std1,12,2,2,100.0,25.0,4.0
healthcare,SHAP,TCN Autoencoder,Attack_11,RHYTHM,top3,12,3,2,66.67,33.33,2.0
healthcare,SHAP,TCN Autoencoder,Attack_11,RHYTHM,top5,12,5,3,60.0,33.33,1.8
healthcare,SHAP,TCN Autoencoder,Attack_11,RHYTHM,top10,12,10,3,30.0,33.33,0.9
healthcare,SHAP,TCN Autoencoder,Attack_11,RHYTHM,std1,12,3,2,66.67,33.33,2.0
healthcare,SHAP,TCN Autoencoder,Attack_12,MI,top3,12,3,1,33.33,25.0,1.33
healthcare,SHAP,TCN Autoencoder,Attack_12,MI,top5,12,5,2,40.0,25.0,1.6
healthcare,SHAP,TCN Autoencoder,Attack_12,MI,top10,12,10,3,30.0,25.0,1.2
healthcare,SHAP,TCN Autoencoder,Attack_12,MI,std1,12,3,1,33.33,25.0,1.33
healthcare,SHAP,TCN Autoencoder,Attack_13,CD,top3,12,3,1,33.33,16.67,2.0
healthcare,SHAP,TCN Autoencoder,Attack_13,CD,top5,12,5,1,20.0,16.67,1.2
healthcare,SHAP,TCN Autoencoder,Attack_13,CD,top10,12,10,2,20.0,16.67,1.2
healthcare,SHAP,TCN Autoencoder,Attack_13,CD,std1,12,2,0,0.0,16.67,0.0
healthcare,SHAP,TCN Autoencoder,Attack_14,CD,top3,12,3,0,0.0,25.0,0.0
healthcare,SHAP,TCN Autoencoder,Attack_14,CD,top5,12,5,0,0.0,25.0,0.0
healthcare,SHAP,TCN Autoencoder,Attack_14,CD,top10,12,10,1,10.0,25.0,0.4
healthcare,SHAP,TCN Autoencoder,Attack_14,CD,std1,12,2,0,0.0,25.0,0.0
healthcare,SHAP,TCN Autoencoder,Attack_17,MI,top3,12,3,1,33.33,33.33,1.0
healthcare,SHAP,TCN Autoencoder,Attack_17,MI,top5,12,5,1,20.0,33.33,0.6
healthcare,SHAP,TCN Autoencoder,Attack_17,MI,top10,12,10,4,40.0,33.33,1.2
healthcare,SHAP,TCN Autoencoder,Attack_17,MI,std1,12,3,1,33.33,33.33,1.0
healthcare,SHAP,TCN Autoencoder,Attack_18,CD,top3,12,3,0,0.0,16.67,0.0
healthcare,SHAP,TCN Autoencoder,Attack_18,CD,top5,12,5,0,0.0,16.67,0.0
healthcare,SHAP,TCN Autoencoder,Attack_18,CD,top10,12,10,0,0.0,16.67,0.0
healthcare,SHAP,TCN Autoencoder,Attack_18,CD,std1,12,2,0,0.0,16.67,0.0
healthcare,SHAP,TCN Autoencoder,Attack_2,RHYTHM,top3,12,3,0,0.0,33.33,0.0
healthcare,SHAP,TCN Autoencoder,Attack_2,RHYTHM,top5,12,5,1,20.0,33.33,0.6
healthcare,SHAP,TCN Autoencoder,Attack_2,RHYTHM,top10,12,10,3,30.0,33.33,0.9
healthcare,SHAP,TCN Autoencoder,Attack_2,RHYTHM,std1,12,1,0,0.0,33.33,0.0
healthcare,SHAP,TCN Autoencoder,Attack_20,MI,top3,12,3,1,33.33,33.33,1.0
healthcare,SHAP,TCN Autoencoder,Attack_20,MI,top5,12,5,2,40.0,33.33,1.2
healthcare,SHAP,TCN Autoencoder,Attack_20,MI,top10,12,10,3,30.0,33.33,0.9
healthcare,SHAP,TCN Autoencoder,Attack_20,MI,std1,12,1,0,0.0,33.33,0.0
healthcare,SHAP,TCN Autoencoder,Attack_3,RHYTHM,top3,12,3,2,66.67,33.33,2.0
healthcare,SHAP,TCN Autoencoder,Attack_3,RHYTHM,top5,12,5,2,40.0,33.33,1.2
healthcare,SHAP,TCN Autoencoder,Attack_3,RHYTHM,top10,12,10,3,30.0,33.33,0.9
healthcare,SHAP,TCN Autoencoder,Attack_3,RHYTHM,std1,12,4,2,50.0,33.33,1.5
healthcare,SHAP,TCN Autoencoder,Attack_4,RHYTHM,top3,12,3,2,66.67,33.33,2.0
healthcare,SHAP,TCN Autoencoder,Attack_4,RHYTHM,top5,12,5,2,40.0,33.33,1.2
healthcare,SHAP,TCN Autoencoder,Attack_4,RHYTHM,top10,12,10,3,30.0,33.33,0.9
healthcare,SHAP,TCN Autoencoder,Attack_4,RHYTHM,std1,12,3,2,66.67,33.33,2.0
healthcare,SHAP,TCN Autoencoder,Attack_6,RHYTHM,top3,12,3,2,66.67,33.33,2.0
healthcare,SHAP,TCN Autoencoder,Attack_6,RHYTHM,top5,12,5,2,40.0,33.33,1.2
healthcare,SHAP,TCN Autoencoder,Attack_6,RHYTHM,top10,12,10,3,30.0,33.33,0.9
healthcare,SHAP,TCN Autoencoder,Attack_6,RHYTHM,std1,12,2,2,100.0,33.33,3.0
healthcare,SHAP,TCN Autoencoder,Attack_9,HYP,top3,12,3,2,66.67,41.67,1.6
healthcare,SHAP,TCN Autoencoder,Attack_9,HYP,top5,12,5,3,60.0,41.67,1.44
healthcare,SHAP,TCN Autoencoder,Attack_9,HYP,top10,12,10,3,30.0,41.67,0.72
healthcare,SHAP,TCN Autoencoder,Attack_9,HYP,std1,12,1,1,100.0,41.67,2.4
healthcare,SHAP,Transformer Autoencoder,Attack_1,MI,top3,12,3,2,66.67,25.0,2.67
healthcare,SHAP,Transformer Autoencoder,Attack_1,MI,top5,12,5,3,60.0,25.0,2.4
healthcare,SHAP,Transformer Autoencoder,Attack_1,MI,top10,12,10,3,30.0,25.0,1.2
healthcare,SHAP,Transformer Autoencoder,Attack_1,MI,std1,12,4,3,75.0,25.0,3.0
healthcare,SHAP,Transformer Autoencoder,Attack_10,CD,top3,12,3,1,33.33,25.0,1.33
healthcare,SHAP,Transformer Autoencoder,Attack_10,CD,top5,12,5,2,40.0,25.0,1.6
healthcare,SHAP,Transformer Autoencoder,Attack_10,CD,top10,12,10,3,30.0,25.0,1.2
healthcare,SHAP,Transformer Autoencoder,Attack_10,CD,std1,12,2,0,0.0,25.0,0.0
healthcare,SHAP,Transformer Autoencoder,Attack_11,RHYTHM,top3,12,3,0,0.0,33.33,0.0
healthcare,SHAP,Transformer Autoencoder,Attack_11,RHYTHM,top5,12,5,2,40.0,33.33,1.2
healthcare,SHAP,Transformer Autoencoder,Attack_11,RHYTHM,top10,12,10,3,30.0,33.33,0.9
healthcare,SHAP,Transformer Autoencoder,Attack_11,RHYTHM,std1,12,1,0,0.0,33.33,0.0
healthcare,SHAP,Transformer Autoencoder,Attack_12,MI,top3,12,3,1,33.33,25.0,1.33
healthcare,SHAP,Transformer Autoencoder,Attack_12,MI,top5,12,5,2,40.0,25.0,1.6
healthcare,SHAP,Transformer Autoencoder,Attack_12,MI,top10,12,10,3,30.0,25.0,1.2
healthcare,SHAP,Transformer Autoencoder,Attack_12,MI,std1,12,3,1,33.33,25.0,1.33
healthcare,SHAP,Transformer Autoencoder,Attack_13,CD,top3,12,3,0,0.0,16.67,0.0
healthcare,SHAP,Transformer Autoencoder,Attack_13,CD,top5,12,5,1,20.0,16.67,1.2
healthcare,SHAP,Transformer Autoencoder,Attack_13,CD,top10,12,10,2,20.0,16.67,1.2
healthcare,SHAP,Transformer Autoencoder,Attack_13,CD,std1,12,1,0,0.0,16.67,0.0
healthcare,SHAP,Transformer Autoencoder,Attack_14,CD,top3,12,3,1,33.33,25.0,1.33
healthcare,SHAP,Transformer Autoencoder,Attack_14,CD,top5,12,5,1,20.0,25.0,0.8
healthcare,SHAP,Transformer Autoencoder,Attack_14,CD,top10,12,10,1,10.0,25.0,0.4
healthcare,SHAP,Transformer Autoencoder,Attack_14,CD,std1,12,2,0,0.0,25.0,0.0
healthcare,SHAP,Transformer Autoencoder,Attack_17,MI,top3,12,3,2,66.67,33.33,2.0
healthcare,SHAP,Transformer Autoencoder,Attack_17,MI,top5,12,5,2,40.0,33.33,1.2
healthcare,SHAP,Transformer Autoencoder,Attack_17,MI,top10,12,10,4,40.0,33.33,1.2
healthcare,SHAP,Transformer Autoencoder,Attack_17,MI,std1,12,1,1,100.0,33.33,3.0
healthcare,SHAP,Transformer Autoencoder,Attack_18,CD,top3,12,3,0,0.0,16.67,0.0
healthcare,SHAP,Transformer Autoencoder,Attack_18,CD,top5,12,5,0,0.0,16.67,0.0
healthcare,SHAP,Transformer Autoencoder,Attack_18,CD,top10,12,10,0,0.0,16.67,0.0
healthcare,SHAP,Transformer Autoencoder,Attack_18,CD,std1,12,2,0,0.0,16.67,0.0
healthcare,SHAP,Transformer Autoencoder,Attack_2,RHYTHM,top3,12,3,0,0.0,33.33,0.0
healthcare,SHAP,Transformer Autoencoder,Attack_2,RHYTHM,top5,12,5,1,20.0,33.33,0.6
healthcare,SHAP,Transformer Autoencoder,Attack_2,RHYTHM,top10,12,10,3,30.0,33.33,0.9
healthcare,SHAP,Transformer Autoencoder,Attack_2,RHYTHM,std1,12,3,0,0.0,33.33,0.0
healthcare,SHAP,Transformer Autoencoder,Attack_20,MI,top3,12,3,0,0.0,33.33,0.0
healthcare,SHAP,Transformer Autoencoder,Attack_20,MI,top5,12,5,0,0.0,33.33,0.0
healthcare,SHAP,Transformer Autoencoder,Attack_20,MI,top10,12,10,2,20.0,33.33,0.6
healthcare,SHAP,Transformer Autoencoder,Attack_20,MI,std1,12,2,0,0.0,33.33,0.0
healthcare,SHAP,Transformer Autoencoder,Attack_3,RHYTHM,top3,12,3,0,0.0,33.33,0.0
healthcare,SHAP,Transformer Autoencoder,Attack_3,RHYTHM,top5,12,5,2,40.0,33.33,1.2
healthcare,SHAP,Transformer Autoencoder,Attack_3,RHYTHM,top10,12,10,3,30.0,33.33,0.9
healthcare,SHAP,Transformer Autoencoder,Attack_3,RHYTHM,std1,12,1,0,0.0,33.33,0.0
healthcare,SHAP,Transformer Autoencoder,Attack_4,RHYTHM,top3,12,3,1,33.33,33.33,1.0
healthcare,SHAP,Transformer Autoencoder,Attack_4,RHYTHM,top5,12,5,2,40.0,33.33,1.2
healthcare,SHAP,Transformer Autoencoder,Attack_4,RHYTHM,top10,12,10,3,30.0,33.33,0.9
healthcare,SHAP,Transformer Autoencoder,Attack_4,RHYTHM,std1,12,1,0,0.0,33.33,0.0
healthcare,SHAP,Transformer Autoencoder,Attack_6,RHYTHM,top3,12,3,0,0.0,33.33,0.0
healthcare,SHAP,Transformer Autoencoder,Attack_6,RHYTHM,top5,12,5,2,40.0,33.33,1.2
healthcare,SHAP,Transformer Autoencoder,Attack_6,RHYTHM,top10,12,10,4,40.0,33.33,1.2
healthcare,SHAP,Transformer Autoencoder,Attack_6,RHYTHM,std1,12,1,0,0.0,33.33,0.0
healthcare,SHAP,Transformer Autoencoder,Attack_9,HYP,top3,12,3,3,100.0,41.67,2.4
healthcare,SHAP,Transformer Autoencoder,Attack_9,HYP,top5,12,5,3,60.0,41.67,1.44
healthcare,SHAP,Transformer Autoencoder,Attack_9,HYP,top10,12,10,4,40.0,41.67,0.96
healthcare,SHAP,Transformer Autoencoder,Attack_9,HYP,std1,12,3,3,100.0,41.67,2.4
industrial,SHAP,LSTM Autoencoder,Fault_11,,top3,52,3,1,33.33,1.92,17.33
industrial,SHAP,LSTM Autoencoder,Fault_11,,top5,52,5,1,20.0,1.92,10.4
industrial,SHAP,LSTM Autoencoder,Fault_11,,top10,52,10,1,10.0,1.92,5.2
industrial,SHAP,LSTM Autoencoder,Fault_11,,std1,52,2,1,50.0,1.92,26.0
industrial,SHAP,LSTM Autoencoder,Fault_14,,top3,52,3,1,33.33,1.92,17.33
industrial,SHAP,LSTM Autoencoder,Fault_14,,top5,52,5,1,20.0,1.92,10.4
industrial,SHAP,LSTM Autoencoder,Fault_14,,top10,52,10,1,10.0,1.92,5.2
industrial,SHAP,LSTM Autoencoder,Fault_14,,std1,52,3,1,33.33,1.92,17.33
industrial,SHAP,LSTM Autoencoder,Fault_4,,top3,52,3,1,33.33,1.92,17.33
industrial,SHAP,LSTM Autoencoder,Fault_4,,top5,52,5,1,20.0,1.92,10.4
industrial,SHAP,LSTM Autoencoder,Fault_4,,top10,52,10,1,10.0,1.92,5.2
industrial,SHAP,LSTM Autoencoder,Fault_4,,std1,52,1,1,100.0,1.92,52.0
industrial,SHAP,LSTM Autoencoder,Fault_5,,top3,52,3,0,0.0,1.92,0.0
industrial,SHAP,LSTM Autoencoder,Fault_5,,top5,52,5,0,0.0,1.92,0.0
industrial,SHAP,LSTM Autoencoder,Fault_5,,top10,52,10,1,10.0,1.92,5.2
industrial,SHAP,LSTM Autoencoder,Fault_5,,std1,52,8,0,0.0,1.92,0.0
industrial,SHAP,LSTM Autoencoder,Fault_7,,top3,52,3,1,33.33,1.92,17.33
industrial,SHAP,LSTM Autoencoder,Fault_7,,top5,52,5,1,20.0,1.92,10.4
industrial,SHAP,LSTM Autoencoder,Fault_7,,top10,52,10,1,10.0,1.92,5.2
industrial,SHAP,LSTM Autoencoder,Fault_7,,std1,52,3,1,33.33,1.92,17.33
industrial,SHAP,TCN Autoencoder,Fault_11,,top3,52,3,1,33.33,1.92,17.33
industrial,SHAP,TCN Autoencoder,Fault_11,,top5,52,5,1,20.0,1.92,10.4
industrial,SHAP,TCN Autoencoder,Fault_11,,top10,52,10,1,10.0,1.92,5.2
industrial,SHAP,TCN Autoencoder,Fault_11,,std1,52,2,1,50.0,1.92,26.0
industrial,SHAP,TCN Autoencoder,Fault_14,,top3,52,3,1,33.33,1.92,17.33
industrial,SHAP,TCN Autoencoder,Fault_14,,top5,52,5,1,20.0,1.92,10.4
industrial,SHAP,TCN Autoencoder,Fault_14,,top10,52,10,1,10.0,1.92,5.2
industrial,SHAP,TCN Autoencoder,Fault_14,,std1,52,3,1,33.33,1.92,17.33
industrial,SHAP,TCN Autoencoder,Fault_4,,top3,52,3,1,33.33,1.92,17.33
industrial,SHAP,TCN Autoencoder,Fault_4,,top5,52,5,1,20.0,1.92,10.4
industrial,SHAP,TCN Autoencoder,Fault_4,,top10,52,10,1,10.0,1.92,5.2
industrial,SHAP,TCN Autoencoder,Fault_4,,std1,52,1,1,100.0,1.92,52.0
industrial,SHAP,TCN Autoencoder,Fault_5,,top3,52,3,0,0.0,1.92,0.0
industrial,SHAP,TCN Autoencoder,Fault_5,,top5,52,5,1,20.0,1.92,10.4
industrial,SHAP,TCN Autoencoder,Fault_5,,top10,52,10,1,10.0,1.92,5.2
industrial,SHAP,TCN Autoencoder,Fault_5,,std1,52,7,1,14.29,1.92,7.43
industrial,SHAP,TCN Autoencoder,Fault_7,,top3,52,3,1,33.33,1.92,17.33
industrial,SHAP,TCN Autoencoder,Fault_7,,top5,52,5,1,20.0,1.92,10.4
industrial,SHAP,TCN Autoencoder,Fault_7,,top10,52,10,1,10.0,1.92,5.2
industrial,SHAP,TCN Autoencoder,Fault_7,,std1,52,3,1,33.33,1.92,17.33
industrial,SHAP,Transformer Autoencoder,Fault_11,,top3,52,3,1,33.33,1.92,17.33
industrial,SHAP,Transformer Autoencoder,Fault_11,,top5,52,5,1,20.0,1.92,10.4
industrial,SHAP,Transformer Autoencoder,Fault_11,,top10,52,10,1,10.0,1.92,5.2
industrial,SHAP,Transformer Autoencoder,Fault_11,,std1,52,2,1,50.0,1.92,26.0
industrial,SHAP,Transformer Autoencoder,Fault_14,,top3,52,3,1,33.33,1.92,17.33
industrial,SHAP,Transformer Autoencoder,Fault_14,,top5,52,5,1,20.0,1.92,10.4
industrial,SHAP,Transformer Autoencoder,Fault_14,,top10,52,10,1,10.0,1.92,5.2
industrial,SHAP,Transformer Autoencoder,Fault_14,,std1,52,3,1,33.33,1.92,17.33
industrial,SHAP,Transformer Autoencoder,Fault_4,,top3,52,3,1,33.33,1.92,17.33
industrial,SHAP,Transformer Autoencoder,Fault_4,,top5,52,5,1,20.0,1.92,10.4
industrial,SHAP,Transformer Autoencoder,Fault_4,,top10,52,10,1,10.0,1.92,5.2
industrial,SHAP,Transformer Autoencoder,Fault_4,,std1,52,1,1,100.0,1.92,52.0
industrial,SHAP,Transformer Autoencoder,Fault_5,,top3,52,3,0,0.0,1.92,0.0
industrial,SHAP,Transformer Autoencoder,Fault_5,,top5,52,5,1,20.0,1.92,10.4
industrial,SHAP,Transformer Autoencoder,Fault_5,,top10,52,10,1,10.0,1.92,5.2
industrial,SHAP,Transformer Autoencoder,Fault_5,,std1,52,9,1,11.11,1.92,5.78
industrial,SHAP,Transformer Autoencoder,Fault_7,,top3,52,3,1,33.33,1.92,17.33
industrial,SHAP,Transformer Autoencoder,Fault_7,,top5,52,5,1,20.0,1.92,10.4
industrial,SHAP,Transformer Autoencoder,Fault_7,,top10,52,10,1,10.0,1.92,5.2
industrial,SHAP,Transformer Autoencoder,Fault_7,,std1,52,8,1,12.5,1.92,6.5
robotics,SHAP,LSTM Autoencoder,JointControl,,top3,244,3,2,66.67,18.03,3.7
robotics,SHAP,LSTM Autoencoder,JointControl,,top5,244,5,4,80.0,18.03,4.44
robotics,SHAP,LSTM Autoencoder,JointControl,,top10,244,10,5,50.0,18.03,2.77
robotics,SHAP,LSTM Autoencoder,JointControl,,std1,244,10,5,50.0,18.03,2.77
robotics,SHAP,LSTM Autoencoder,LedsControl,,top3,244,3,3,100.0,29.1,3.44
robotics,SHAP,LSTM Autoencoder,LedsControl,,top5,244,5,5,100.0,29.1,3.44
robotics,SHAP,LSTM Autoencoder,LedsControl,,top10,244,10,10,100.0,29.1,3.44
robotics,SHAP,LSTM Autoencoder,LedsControl,,std1,244,43,40,93.02,29.1,3.2
robotics,SHAP,LSTM Autoencoder,WheelsControl,,top3,244,3,2,66.67,3.69,18.07
robotics,SHAP,LSTM Autoencoder,WheelsControl,,top5,244,5,4,80.0,3.69,21.69
robotics,SHAP,LSTM Autoencoder,WheelsControl,,top10,244,10,4,40.0,3.69,10.84
robotics,SHAP,LSTM Autoencoder,WheelsControl,,std1,244,5,4,80.0,3.69,21.69
robotics,SHAP,TCN Autoencoder,JointControl,,top3,244,3,3,100.0,18.03,5.55
robotics,SHAP,TCN Autoencoder,JointControl,,top5,244,5,4,80.0,18.03,4.44
robotics,SHAP,TCN Autoencoder,JointControl,,top10,244,10,5,50.0,18.03,2.77
robotics,SHAP,TCN Autoencoder,JointControl,,std1,244,9,5,55.56,18.03,3.08
robotics,SHAP,TCN Autoencoder,LedsControl,,top3,244,3,2,66.67,29.1,2.29
robotics,SHAP,TCN Autoencoder,LedsControl,,top5,244,5,4,80.0,29.1,2.75
robotics,SHAP,TCN Autoencoder,LedsControl,,top10,244,10,9,90.0,29.1,3.09
robotics,SHAP,TCN Autoencoder,LedsControl,,std1,244,2,2,100.0,29.1,3.44
robotics,SHAP,TCN Autoencoder,WheelsControl,,top3,244,3,2,66.67,3.69,18.07
robotics,SHAP,TCN Autoencoder,WheelsControl,,top5,244,5,4,80.0,3.69,21.69
robotics,SHAP,TCN Autoencoder,WheelsControl,,top10,244,10,4,40.0,3.69,10.84
robotics,SHAP,TCN Autoencoder,WheelsControl,,std1,244,5,4,80.0,3.69,21.69
robotics,SHAP,Transformer Autoencoder,JointControl,,top3,244,3,3,100.0,18.03,5.55
robotics,SHAP,Transformer Autoencoder,JointControl,,top5,244,5,4,80.0,18.03,4.44
robotics,SHAP,Transformer Autoencoder,JointControl,,top10,244,10,7,70.0,18.03,3.88
robotics,SHAP,Transformer Autoencoder,JointControl,,std1,244,5,4,80.0,18.03,4.44
robotics,SHAP,Transformer Autoencoder,LedsControl,,top3,244,3,3,100.0,29.1,3.44
robotics,SHAP,Transformer Autoencoder,LedsControl,,top5,244,5,5,100.0,29.1,3.44
robotics,SHAP,Transformer Autoencoder,LedsControl,,top10,244,10,10,100.0,29.1,3.44
robotics,SHAP,Transformer Autoencoder,LedsControl,,std1,244,28,24,85.71,29.1,2.95
robotics,SHAP,Transformer Autoencoder,WheelsControl,,top3,244,3,3,100.0,3.69,27.11
robotics,SHAP,Transformer Autoencoder,WheelsControl,,top5,244,5,4,80.0,3.69,21.69
robotics,SHAP,Transformer Autoencoder,WheelsControl,,top10,244,10,4,40.0,3.69,10.84
robotics,SHAP,Transformer Autoencoder,WheelsControl,,std1,244,5,4,80.0,3.69,21.69
